resource_id	query_id	similarity_score
0	0	0.0
1	0	0.0
2	0	0.0
3	0	0.0
4	0	0.0
5	0	0.0
6	0	0.0
7	0	0.0
8	0	0.0
9	0	0.0
10	0	0.0
11	0	0.0
12	0	0.0
13	0	0.0
14	0	0.0
15	0	0.0
16	0	0.0
17	0	0.0
18	0	0.0
19	0	0.0
20	0	0.316
21	0	2.342
22	0	0.0
23	0	0.0
24	0	0.0
25	0	1.638
26	0	0.0
27	0	0.0
28	0	0.0
29	0	0.0
30	0	0.546
31	0	0.0
32	0	0.0
33	0	0.0
34	0	0.0
35	0	0.0
36	0	0.0
37	0	0.0
38	0	0.0
39	0	0.0
40	0	0.0
41	0	0.0
42	0	2.8880000000000003
43	0	1.7960000000000005
44	0	0.0
45	0	1.092
46	0	1.092
47	0	0.0
48	0	0.0
49	0	0.0
50	0	0.0
51	0	0.0
52	0	0.0
53	0	0.0
54	0	0.0
55	0	0.0
56	0	0.0
57	0	0.0
58	0	0.0
59	0	0.0
60	0	0.0
61	0	0.0
62	0	0.0
63	0	0.0
64	0	0.0
65	0	0.0
66	0	0.0
67	0	0.0
68	0	2.184
69	0	0.0
70	0	0.0
71	0	0.0
72	0	0.0
73	0	0.0
74	0	0.0
75	0	0.0
76	0	0.0
77	0	0.0
78	0	0.0
79	0	0.0
80	0	0.0
81	0	0.0
82	0	0.0
83	0	0.0
84	0	0.0
85	0	0.0
86	0	0.0
87	0	0.0
88	0	0.0
89	0	0.0
90	0	0.0
91	0	0.0
92	0	0.0
93	0	0.0
94	0	0.0
95	0	0.158
96	0	0.0
97	0	0.0
98	0	0.0
99	0	0.546
100	0	0.0
101	0	0.0
102	0	0.0
103	0	0.0
104	0	0.0
105	0	0.0
106	0	0.0
107	0	0.0
108	0	0.0
109	0	0.0
110	0	0.0
111	0	0.0
112	0	0.0
113	0	0.158
114	0	0.0
115	0	0.0
116	0	0.0
117	0	0.0
118	0	0.0
119	0	0.0
120	0	0.0
121	0	0.0
122	0	0.0
123	0	1.638
124	0	0.0
125	0	0.0
126	0	0.0
127	0	0.0
128	0	0.0
129	0	0.0
130	0	0.0
131	0	0.0
132	0	0.0
133	0	0.0
134	0	0.0
135	0	0.0
136	0	0.0
137	0	0.0
138	0	0.0
139	0	0.0
140	0	2.7300000000000004
141	0	0.474
142	0	0.0
143	0	0.0
144	0	0.0
145	0	0.0
146	0	0.0
147	0	0.0
148	0	1.25
0	1	0.0
1	1	0.0
2	1	0.0
3	1	0.0
4	1	0.0
5	1	0.0
6	1	0.0
7	1	0.0
8	1	0.158
9	1	0.0
10	1	0.0
11	1	0.0
12	1	0.0
13	1	0.0
14	1	0.0
15	1	0.0
16	1	0.474
17	1	0.0
18	1	0.0
19	1	1.264
20	1	2.428
21	1	4.638
22	1	0.0
23	1	0.0
24	1	2.106
25	1	8.184000000000001
26	1	4.684
27	1	1.58
28	1	0.158
29	1	0.0
30	1	5.98
31	1	0.0
32	1	0.546
33	1	0.474
34	1	2.8160000000000003
35	1	0.0
36	1	0.0
37	1	0.0
38	1	0.0
39	1	0.0
40	1	0.0
41	1	0.0
42	1	1.106
43	1	6.638
44	1	0.474
45	1	0.0
46	1	0.0
47	1	0.0
48	1	0.0
49	1	0.0
50	1	0.0
51	1	0.0
52	1	0.0
53	1	0.0
54	1	0.0
55	1	0.0
56	1	0.0
57	1	0.0
58	1	0.0
59	1	0.0
60	1	0.0
61	1	0.0
62	1	0.0
63	1	0.0
64	1	0.0
65	1	0.0
66	1	0.0
67	1	0.0
68	1	7.546
69	1	0.0
70	1	0.0
71	1	0.0
72	1	0.0
73	1	0.0
74	1	1.7240000000000002
75	1	0.0
76	1	1.968
77	1	1.968
78	1	0.0
79	1	0.0
80	1	0.0
81	1	2.04
82	1	0.0
83	1	0.316
84	1	0.0
85	1	1.264
86	1	0.0
87	1	0.0
88	1	0.0
89	1	0.0
90	1	0.0
91	1	0.0
92	1	0.0
93	1	0.0
94	1	0.316
95	1	1.968
96	1	0.158
97	1	1.422
98	1	0.0
99	1	1.106
100	1	1.422
101	1	0.0
102	1	2.5860000000000003
103	1	0.0
104	1	0.0
105	1	0.0
106	1	0.0
107	1	0.0
108	1	0.0
109	1	0.0
110	1	4.684
111	1	0.0
112	1	0.0
113	1	4.914000000000001
114	1	4.526000000000001
115	1	5.072
116	1	1.408
117	1	5.072
118	1	2.8160000000000003
119	1	0.0
120	1	3.5860000000000003
121	1	0.474
122	1	0.0
123	1	0.158
124	1	0.0
125	1	0.0
126	1	0.0
127	1	0.0
128	1	0.0
129	1	0.0
130	1	0.0
131	1	0.0
132	1	0.158
133	1	0.0
134	1	0.0
135	1	1.02
136	1	0.632
137	1	0.316
138	1	0.0
139	1	1.652
140	1	0.0
141	1	2.494
142	1	1.494
143	1	0.0
144	1	0.0
145	1	0.0
146	1	0.316
147	1	1.106
148	1	6.796
0	2	0.0
1	2	0.0
2	2	0.0
3	2	0.0
4	2	0.0
5	2	0.0
6	2	0.0
7	2	0.0
8	2	0.0
9	2	0.0
10	2	0.0
11	2	0.0
12	2	0.0
13	2	0.0
14	2	0.0
15	2	0.0
16	2	0.0
17	2	0.0
18	2	0.0
19	2	0.7040000000000001
20	2	2.974
21	2	4.408
22	2	0.0
23	2	0.0
24	2	0.8620000000000001
25	2	0.0
26	2	0.0
27	2	0.0
28	2	0.0
29	2	0.0
30	2	1.25
31	2	0.0
32	2	0.0
33	2	0.0
34	2	0.0
35	2	0.0
36	2	0.0
37	2	0.0
38	2	0.0
39	2	0.0
40	2	0.0
41	2	0.0
42	2	4.526000000000001
43	2	3.342
44	2	0.7040000000000001
45	2	0.0
46	2	2.342
47	2	0.316
48	2	0.0
49	2	0.0
50	2	0.0
51	2	0.0
52	2	0.0
53	2	0.0
54	2	0.0
55	2	0.0
56	2	0.158
57	2	0.0
58	2	0.0
59	2	0.0
60	2	0.0
61	2	0.0
62	2	0.0
63	2	0.0
64	2	0.0
65	2	0.0
66	2	0.0
67	2	0.0
68	2	3.638
69	2	0.0
70	2	0.0
71	2	0.0
72	2	0.546
73	2	0.0
74	2	0.0
75	2	0.0
76	2	0.158
77	2	0.0
78	2	0.0
79	2	0.0
80	2	0.0
81	2	0.0
82	2	0.0
83	2	0.0
84	2	0.0
85	2	0.0
86	2	0.0
87	2	0.0
88	2	0.0
89	2	0.0
90	2	0.0
91	2	0.0
92	2	0.0
93	2	0.0
94	2	0.158
95	2	0.158
96	2	0.0
97	2	0.0
98	2	0.0
99	2	0.0
100	2	0.0
101	2	0.0
102	2	0.158
103	2	0.0
104	2	3.822
105	2	0.0
106	2	0.0
107	2	0.0
108	2	0.0
109	2	0.0
110	2	0.0
111	2	0.0
112	2	0.0
113	2	0.0
114	2	0.0
115	2	0.0
116	2	0.0
117	2	0.0
118	2	0.0
119	2	0.0
120	2	0.0
121	2	0.0
122	2	0.0
123	2	0.0
124	2	0.0
125	2	0.0
126	2	0.0
127	2	0.0
128	2	0.0
129	2	0.0
130	2	0.0
131	2	0.0
132	2	0.0
133	2	0.0
134	2	0.0
135	2	0.0
136	2	0.0
137	2	0.0
138	2	0.0
139	2	0.158
140	2	3.02
141	2	2.974
142	2	0.0
143	2	0.0
144	2	0.0
145	2	0.158
146	2	1.638
147	2	2.2700000000000005
148	2	4.954
0	3	0.0
1	3	0.0
2	3	0.0
3	3	0.0
4	3	0.0
5	3	0.0
6	3	0.0
7	3	0.0
8	3	0.0
9	3	0.0
10	3	0.0
11	3	0.0
12	3	0.0
13	3	0.0
14	3	0.0
15	3	0.0
16	3	0.0
17	3	0.0
18	3	0.0
19	3	0.0
20	3	0.0
21	3	2.638
22	3	0.0
23	3	0.0
24	3	0.0
25	3	0.0
26	3	0.158
27	3	0.0
28	3	0.0
29	3	0.0
30	3	0.0
31	3	0.0
32	3	0.0
33	3	0.0
34	3	0.0
35	3	0.0
36	3	0.0
37	3	0.0
38	3	0.0
39	3	0.0
40	3	0.0
41	3	0.0
42	3	0.0
43	3	1.546
44	3	0.0
45	3	0.0
46	3	0.0
47	3	0.0
48	3	0.0
49	3	0.0
50	3	0.0
51	3	0.0
52	3	0.0
53	3	0.0
54	3	0.0
55	3	0.0
56	3	0.0
57	3	0.0
58	3	0.0
59	3	0.0
60	3	0.0
61	3	0.0
62	3	0.0
63	3	0.0
64	3	0.0
65	3	0.0
66	3	0.0
67	3	0.0
68	3	0.0
69	3	0.0
70	3	0.0
71	3	0.0
72	3	0.0
73	3	0.0
74	3	0.0
75	3	0.0
76	3	0.0
77	3	0.0
78	3	0.0
79	3	0.0
80	3	0.0
81	3	0.0
82	3	0.0
83	3	0.0
84	3	0.0
85	3	0.0
86	3	0.0
87	3	0.0
88	3	0.0
89	3	0.0
90	3	0.0
91	3	0.0
92	3	0.0
93	3	0.0
94	3	0.0
95	3	0.0
96	3	0.0
97	3	0.0
98	3	0.0
99	3	0.0
100	3	0.0
101	3	0.0
102	3	0.0
103	3	0.0
104	3	0.0
105	3	0.0
106	3	0.0
107	3	0.0
108	3	0.0
109	3	0.0
110	3	0.0
111	3	0.0
112	3	0.0
113	3	0.474
114	3	0.0
115	3	0.0
116	3	0.0
117	3	0.0
118	3	0.0
119	3	0.0
120	3	0.0
121	3	0.0
122	3	0.0
123	3	0.0
124	3	0.0
125	3	0.0
126	3	0.0
127	3	0.0
128	3	0.0
129	3	0.0
130	3	0.0
131	3	0.0
132	3	0.0
133	3	0.0
134	3	0.0
135	3	0.0
136	3	0.0
137	3	0.0
138	3	0.0
139	3	0.0
140	3	1.092
141	3	0.0
142	3	0.0
143	3	0.0
144	3	0.0
145	3	0.0
146	3	0.0
147	3	0.0
148	3	2.638
0	4	0.0
1	4	0.158
2	4	0.0
3	4	0.0
4	4	0.0
5	4	0.0
6	4	0.0
7	4	0.0
8	4	0.0
9	4	0.0
10	4	0.0
11	4	0.0
12	4	0.0
13	4	0.0
14	4	0.0
15	4	0.0
16	4	0.0
17	4	0.0
18	4	0.0
19	4	0.316
20	4	1.264
21	4	9.546
22	4	0.0
23	4	0.0
24	4	0.948
25	4	0.0
26	4	0.0
27	4	0.0
28	4	0.0
29	4	0.158
30	4	0.0
31	4	0.0
32	4	0.0
33	4	0.0
34	4	0.0
35	4	0.0
36	4	0.0
37	4	0.0
38	4	0.0
39	4	0.0
40	4	0.0
41	4	0.0
42	4	1.02
43	4	7.0920000000000005
44	4	0.8620000000000001
45	4	0.0
46	4	0.79
47	4	0.0
48	4	0.0
49	4	0.0
50	4	0.0
51	4	0.0
52	4	0.0
53	4	0.0
54	4	0.0
55	4	0.0
56	4	0.0
57	4	0.0
58	4	0.0
59	4	0.0
60	4	0.0
61	4	0.0
62	4	0.0
63	4	0.0
64	4	0.0
65	4	0.0
66	4	0.0
67	4	0.0
68	4	0.0
69	4	0.0
70	4	0.0
71	4	0.0
72	4	0.0
73	4	0.0
74	4	0.0
75	4	0.0
76	4	0.0
77	4	0.0
78	4	0.0
79	4	0.0
80	4	0.0
81	4	0.0
82	4	0.0
83	4	0.0
84	4	0.0
85	4	0.0
86	4	0.0
87	4	0.0
88	4	0.0
89	4	0.0
90	4	0.0
91	4	0.0
92	4	0.0
93	4	0.0
94	4	0.79
95	4	0.0
96	4	0.0
97	4	0.0
98	4	0.0
99	4	9.546
100	4	0.158
101	4	0.0
102	4	4.796
103	4	0.0
104	4	0.0
105	4	0.0
106	4	0.0
107	4	0.0
108	4	0.0
109	4	0.0
110	4	0.0
111	4	0.0
112	4	0.0
113	4	0.0
114	4	0.0
115	4	0.0
116	4	0.0
117	4	0.0
118	4	0.0
119	4	0.0
120	4	0.0
121	4	0.0
122	4	0.0
123	4	0.0
124	4	0.0
125	4	0.0
126	4	0.0
127	4	0.0
128	4	0.0
129	4	0.0
130	4	0.0
131	4	0.0
132	4	0.158
133	4	0.0
134	4	0.0
135	4	0.0
136	4	0.0
137	4	0.0
138	4	0.0
139	4	0.0
140	4	7.796
141	4	1.494
142	4	0.0
143	4	0.0
144	4	0.0
145	4	1.422
146	4	0.0
147	4	1.422
148	4	7.638
0	5	0.0
1	5	0.158
2	5	0.0
3	5	0.0
4	5	0.0
5	5	0.0
6	5	0.0
7	5	0.0
8	5	0.0
9	5	0.158
10	5	0.0
11	5	0.158
12	5	0.0
13	5	0.0
14	5	0.0
15	5	0.0
16	5	0.0
17	5	0.0
18	5	0.0
19	5	0.0
20	5	0.474
21	5	7.862
22	5	0.0
23	5	0.0
24	5	1.106
25	5	0.0
26	5	0.158
27	5	0.0
28	5	0.0
29	5	0.0
30	5	0.158
31	5	0.0
32	5	0.0
33	5	0.0
34	5	0.0
35	5	0.0
36	5	0.0
37	5	0.0
38	5	0.0
39	5	0.0
40	5	0.0
41	5	0.0
42	5	1.408
43	5	8.546
44	5	3.434
45	5	0.0
46	5	0.632
47	5	0.0
48	5	0.0
49	5	0.0
50	5	0.0
51	5	0.0
52	5	0.0
53	5	0.0
54	5	0.0
55	5	0.0
56	5	0.0
57	5	0.0
58	5	0.0
59	5	0.0
60	5	0.0
61	5	0.546
62	5	0.0
63	5	0.0
64	5	0.0
65	5	0.0
66	5	0.0
67	5	0.0
68	5	0.0
69	5	0.0
70	5	0.0
71	5	0.0
72	5	0.0
73	5	0.0
74	5	0.158
75	5	0.0
76	5	0.0
77	5	1.1780000000000002
78	5	0.0
79	5	0.0
80	5	0.0
81	5	0.0
82	5	0.0
83	5	0.0
84	5	0.0
85	5	0.0
86	5	0.0
87	5	0.0
88	5	0.0
89	5	0.0
90	5	0.0
91	5	0.0
92	5	0.0
93	5	0.0
94	5	0.158
95	5	0.0
96	5	0.0
97	5	0.0
98	5	0.316
99	5	1.02
100	5	0.158
101	5	0.0
102	5	2.27
103	5	0.0
104	5	0.0
105	5	0.0
106	5	0.0
107	5	0.0
108	5	0.0
109	5	0.0
110	5	0.316
111	5	0.0
112	5	0.0
113	5	0.0
114	5	0.0
115	5	0.0
116	5	0.0
117	5	0.0
118	5	0.0
119	5	0.0
120	5	0.79
121	5	0.0
122	5	0.0
123	5	0.0
124	5	0.0
125	5	0.0
126	5	0.0
127	5	0.0
128	5	0.0
129	5	0.0
130	5	0.0
131	5	0.0
132	5	0.0
133	5	0.0
134	5	0.0
135	5	0.0
136	5	0.158
137	5	0.0
138	5	0.0
139	5	0.158
140	5	8.25
141	5	1.1780000000000002
142	5	0.0
143	5	0.0
144	5	0.0
145	5	0.474
146	5	0.0
147	5	1.02
148	5	7.276
0	6	0.0
1	6	0.0
2	6	0.0
3	6	0.0
4	6	0.0
5	6	0.0
6	6	0.0
7	6	0.0
8	6	0.0
9	6	0.0
10	6	0.0
11	6	0.0
12	6	0.0
13	6	0.0
14	6	0.0
15	6	0.0
16	6	0.0
17	6	0.0
18	6	0.0
19	6	0.158
20	6	1.7960000000000005
21	6	5.566
22	6	0.0
23	6	0.0
24	6	1.316
25	6	0.0
26	6	0.316
27	6	0.0
28	6	0.0
29	6	0.0
30	6	0.158
31	6	0.0
32	6	0.0
33	6	0.0
34	6	0.0
35	6	0.0
36	6	0.0
37	6	0.0
38	6	0.0
39	6	0.0
40	6	0.0
41	6	0.0
42	6	0.316
43	6	5.546
44	6	1.316
45	6	0.0
46	6	0.0
47	6	0.0
48	6	0.0
49	6	0.0
50	6	0.0
51	6	0.0
52	6	0.0
53	6	0.0
54	6	0.0
55	6	0.0
56	6	0.0
57	6	0.0
58	6	0.0
59	6	0.0
60	6	0.0
61	6	0.0
62	6	0.0
63	6	0.0
64	6	0.0
65	6	0.0
66	6	0.0
67	6	0.0
68	6	4.566
69	6	0.0
70	6	0.0
71	6	0.0
72	6	0.0
73	6	0.0
74	6	0.0
75	6	0.0
76	6	0.0
77	6	0.316
78	6	0.0
79	6	0.0
80	6	0.0
81	6	0.0
82	6	0.0
83	6	0.0
84	6	0.0
85	6	0.0
86	6	0.0
87	6	0.0
88	6	0.0
89	6	0.0
90	6	0.0
91	6	0.0
92	6	0.0
93	6	0.0
94	6	0.0
95	6	0.0
96	6	0.0
97	6	0.0
98	6	0.0
99	6	0.0
100	6	0.0
101	6	0.0
102	6	1.02
103	6	0.0
104	6	0.0
105	6	0.0
106	6	0.0
107	6	0.0
108	6	0.0
109	6	0.0
110	6	0.0
111	6	0.0
112	6	3.27
113	6	2.5860000000000003
114	6	0.0
115	6	0.0
116	6	0.0
117	6	0.0
118	6	0.0
119	6	0.0
120	6	0.158
121	6	0.316
122	6	0.0
123	6	0.0
124	6	0.0
125	6	0.0
126	6	0.0
127	6	0.0
128	6	0.0
129	6	0.0
130	6	0.0
131	6	0.0
132	6	0.0
133	6	0.0
134	6	0.0
135	6	0.0
136	6	0.0
137	6	0.0
138	6	0.0
139	6	0.0
140	6	0.0
141	6	0.0
142	6	0.0
143	6	0.546
144	6	0.0
145	6	0.0
146	6	0.0
147	6	1.02
148	6	4.02
0	7	0.0
1	7	0.0
2	7	0.0
3	7	0.0
4	7	0.0
5	7	0.0
6	7	0.0
7	7	0.0
8	7	0.0
9	7	0.0
10	7	0.0
11	7	0.0
12	7	0.0
13	7	0.0
14	7	0.0
15	7	0.0
16	7	0.158
17	7	0.0
18	7	0.0
19	7	0.158
20	7	3.822
21	7	5.704000000000001
22	7	0.0
23	7	1.0
24	7	2.638
25	7	2.184
26	7	0.546
27	7	0.0
28	7	2.184
29	7	0.0
30	7	0.7040000000000001
31	7	0.0
32	7	0.0
33	7	0.0
34	7	0.158
35	7	0.0
36	7	0.0
37	7	0.0
38	7	0.0
39	7	0.0
40	7	0.546
41	7	0.0
42	7	3.25
43	7	4.184
44	7	1.092
45	7	0.0
46	7	0.0
47	7	0.0
48	7	0.0
49	7	0.0
50	7	0.0
51	7	0.0
52	7	0.0
53	7	0.0
54	7	0.0
55	7	0.0
56	7	0.0
57	7	0.0
58	7	0.0
59	7	0.0
60	7	0.0
61	7	0.0
62	7	0.0
63	7	0.0
64	7	0.0
65	7	0.0
66	7	0.0
67	7	0.0
68	7	4.73
69	7	0.0
70	7	0.0
71	7	0.0
72	7	0.0
73	7	0.0
74	7	0.0
75	7	0.0
76	7	0.0
77	7	0.0
78	7	0.0
79	7	0.0
80	7	0.0
81	7	0.0
82	7	0.0
83	7	0.0
84	7	0.0
85	7	1.7040000000000002
86	7	0.0
87	7	0.158
88	7	0.0
89	7	0.0
90	7	0.0
91	7	0.0
92	7	0.7040000000000001
93	7	0.0
94	7	1.408
95	7	1.092
96	7	1.02
97	7	0.0
98	7	0.0
99	7	1.862
100	7	0.79
101	7	0.0
102	7	1.7040000000000002
103	7	0.0
104	7	0.0
105	7	0.0
106	7	0.0
107	7	0.0
108	7	0.0
109	7	0.0
110	7	0.0
111	7	0.0
112	7	0.0
113	7	1.02
114	7	0.474
115	7	1.638
116	7	2.5
117	7	4.368
118	7	1.638
119	7	0.0
120	7	1.092
121	7	0.316
122	7	0.0
123	7	0.0
124	7	0.0
125	7	0.0
126	7	0.0
127	7	0.0
128	7	0.0
129	7	0.0
130	7	0.0
131	7	0.0
132	7	0.0
133	7	0.158
134	7	0.0
135	7	0.0
136	7	0.0
137	7	0.0
138	7	0.0
139	7	1.566
140	7	0.0
141	7	4.046
142	7	0.0
143	7	0.0
144	7	2.27
145	7	0.158
146	7	1.7240000000000002
147	7	3.888
148	7	7.342
0	8	0.0
1	8	0.0
2	8	0.0
3	8	0.0
4	8	0.0
5	8	0.0
6	8	0.0
7	8	0.0
8	8	0.0
9	8	0.0
10	8	0.0
11	8	0.0
12	8	0.0
13	8	0.0
14	8	0.0
15	8	0.0
16	8	0.0
17	8	0.0
18	8	0.0
19	8	0.0
20	8	0.546
21	8	2.8880000000000003
22	8	0.0
23	8	0.0
24	8	0.0
25	8	0.316
26	8	0.316
27	8	0.0
28	8	0.0
29	8	0.0
30	8	0.0
31	8	0.0
32	8	0.0
33	8	0.0
34	8	0.0
35	8	0.0
36	8	0.0
37	8	0.0
38	8	0.0
39	8	0.0
40	8	0.0
41	8	0.0
42	8	0.0
43	8	2.342
44	8	0.0
45	8	0.0
46	8	0.0
47	8	0.0
48	8	0.0
49	8	0.0
50	8	0.0
51	8	0.0
52	8	0.0
53	8	0.0
54	8	0.0
55	8	0.0
56	8	0.0
57	8	0.0
58	8	0.0
59	8	0.0
60	8	0.0
61	8	0.0
62	8	0.0
63	8	0.0
64	8	0.0
65	8	0.0
66	8	0.0
67	8	0.0
68	8	2.184
69	8	0.0
70	8	0.0
71	8	0.0
72	8	0.0
73	8	0.0
74	8	0.0
75	8	0.0
76	8	0.158
77	8	0.0
78	8	0.0
79	8	0.0
80	8	0.0
81	8	0.0
82	8	0.0
83	8	0.0
84	8	0.0
85	8	0.0
86	8	0.0
87	8	0.0
88	8	0.0
89	8	0.0
90	8	0.0
91	8	0.0
92	8	0.0
93	8	0.0
94	8	0.0
95	8	0.0
96	8	0.0
97	8	0.0
98	8	0.0
99	8	0.7040000000000001
100	8	0.158
101	8	0.0
102	8	1.092
103	8	0.0
104	8	0.0
105	8	0.0
106	8	0.0
107	8	0.0
108	8	0.0
109	8	0.0
110	8	0.0
111	8	0.0
112	8	0.0
113	8	0.632
114	8	0.0
115	8	0.0
116	8	0.0
117	8	0.0
118	8	0.0
119	8	0.0
120	8	0.0
121	8	0.0
122	8	0.0
123	8	0.0
124	8	0.0
125	8	0.0
126	8	0.0
127	8	0.0
128	8	0.0
129	8	0.0
130	8	0.0
131	8	0.0
132	8	0.0
133	8	0.0
134	8	0.0
135	8	0.0
136	8	0.0
137	8	0.0
138	8	0.0
139	8	0.0
140	8	3.276
141	8	0.546
142	8	0.0
143	8	0.0
144	8	0.0
145	8	0.0
146	8	0.0
147	8	0.546
148	8	2.184
0	9	0.0
1	9	0.0
2	9	0.0
3	9	0.0
4	9	0.0
5	9	0.0
6	9	0.0
7	9	0.0
8	9	0.0
9	9	0.0
10	9	0.0
11	9	0.0
12	9	0.0
13	9	0.0
14	9	0.0
15	9	0.0
16	9	0.0
17	9	0.0
18	9	0.0
19	9	1.7240000000000002
20	9	2.7300000000000004
21	9	3.52
22	9	0.0
23	9	0.0
24	9	1.422
25	9	0.0
26	9	0.0
27	9	0.0
28	9	0.0
29	9	0.0
30	9	0.546
31	9	0.0
32	9	0.0
33	9	0.0
34	9	0.0
35	9	0.0
36	9	0.0
37	9	0.0
38	9	0.0
39	9	0.0
40	9	0.0
41	9	0.0
42	9	3.98
43	9	2.27
44	9	0.0
45	9	0.0
46	9	1.408
47	9	0.0
48	9	0.0
49	9	0.0
50	9	0.0
51	9	0.0
52	9	0.0
53	9	0.0
54	9	0.0
55	9	0.0
56	9	0.0
57	9	0.0
58	9	0.0
59	9	0.0
60	9	0.0
61	9	0.0
62	9	0.0
63	9	0.0
64	9	0.0
65	9	0.0
66	9	0.0
67	9	0.0
68	9	3.658
69	9	0.0
70	9	0.0
71	9	0.0
72	9	0.0
73	9	0.0
74	9	0.0
75	9	0.0
76	9	0.0
77	9	0.0
78	9	0.0
79	9	0.0
80	9	0.0
81	9	0.0
82	9	0.0
83	9	0.0
84	9	0.0
85	9	0.0
86	9	0.0
87	9	0.0
88	9	0.0
89	9	0.0
90	9	0.0
91	9	0.0
92	9	0.0
93	9	0.0
94	9	0.546
95	9	0.0
96	9	0.0
97	9	1.264
98	9	0.158
99	9	0.546
100	9	0.158
101	9	0.0
102	9	1.264
103	9	0.0
104	9	0.0
105	9	0.0
106	9	0.0
107	9	0.0
108	9	0.0
109	9	0.0
110	9	0.0
111	9	0.0
112	9	0.316
113	9	1.264
114	9	0.0
115	9	0.0
116	9	0.0
117	9	0.0
118	9	0.0
119	9	0.0
120	9	1.178
121	9	0.0
122	9	0.0
123	9	0.0
124	9	0.0
125	9	0.0
126	9	0.0
127	9	0.0
128	9	0.0
129	9	0.0
130	9	0.0
131	9	0.0
132	9	0.0
133	9	0.158
134	9	0.0
135	9	0.0
136	9	0.0
137	9	0.158
138	9	0.0
139	9	4.368
140	9	2.974
141	9	2.184
142	9	0.546
143	9	0.0
144	9	0.0
145	9	0.632
146	9	0.7040000000000001
147	9	3.98
148	9	3.75
0	10	0.0
1	10	3.132
2	10	0.158
3	10	0.0
4	10	2.1980000000000004
5	10	0.0
6	10	0.546
7	10	0.0
8	10	1.81
9	10	0.0
10	10	0.0
11	10	1.882
12	10	0.0
13	10	0.0
14	10	1.106
15	10	0.316
16	10	0.0
17	10	0.0
18	10	0.0
19	10	1.02
20	10	3.75
21	10	1.408
22	10	0.0
23	10	0.0
24	10	0.79
25	10	0.546
26	10	3.204
27	10	2.04
28	10	0.0
29	10	0.0
30	10	0.316
31	10	0.0
32	10	0.0
33	10	0.0
34	10	0.0
35	10	0.0
36	10	0.0
37	10	0.0
38	10	0.0
39	10	0.0
40	10	0.0
41	10	0.0
42	10	0.0
43	10	1.25
44	10	0.0
45	10	0.0
46	10	0.79
47	10	0.0
48	10	0.0
49	10	0.0
50	10	0.0
51	10	0.0
52	10	0.0
53	10	0.0
54	10	0.0
55	10	0.0
56	10	0.0
57	10	0.0
58	10	0.0
59	10	0.0
60	10	0.0
61	10	0.0
62	10	0.0
63	10	0.0
64	10	0.0
65	10	0.0
66	10	0.0
67	10	0.158
68	10	1.02
69	10	0.0
70	10	0.0
71	10	0.0
72	10	0.0
73	10	0.0
74	10	0.0
75	10	0.0
76	10	0.0
77	10	0.0
78	10	0.0
79	10	0.0
80	10	0.0
81	10	0.0
82	10	0.0
83	10	0.0
84	10	0.0
85	10	0.0
86	10	0.0
87	10	0.0
88	10	0.0
89	10	0.0
90	10	0.0
91	10	0.0
92	10	0.0
93	10	0.0
94	10	0.0
95	10	0.0
96	10	0.0
97	10	0.158
98	10	0.0
99	10	0.0
100	10	0.0
101	10	0.0
102	10	0.158
103	10	0.0
104	10	0.0
105	10	0.0
106	10	0.0
107	10	0.0
108	10	0.0
109	10	0.0
110	10	0.0
111	10	0.0
112	10	0.0
113	10	0.0
114	10	0.0
115	10	1.0
116	10	0.0
117	10	0.0
118	10	0.546
119	10	0.0
120	10	0.316
121	10	0.0
122	10	0.0
123	10	0.0
124	10	0.0
125	10	0.0
126	10	0.0
127	10	0.0
128	10	0.0
129	10	0.0
130	10	0.0
131	10	0.0
132	10	0.0
133	10	0.0
134	10	0.0
135	10	0.0
136	10	0.0
137	10	0.0
138	10	0.0
139	10	0.0
140	10	1.092
141	10	2.974
142	10	0.0
143	10	0.0
144	10	0.0
145	10	0.0
146	10	0.632
147	10	1.652
148	10	0.474
0	11	0.0
1	11	0.0
2	11	0.0
3	11	0.0
4	11	0.0
5	11	0.0
6	11	0.0
7	11	0.0
8	11	0.474
9	11	0.0
10	11	0.0
11	11	0.158
12	11	0.0
13	11	0.0
14	11	0.0
15	11	0.316
16	11	0.0
17	11	0.0
18	11	0.0
19	11	0.632
20	11	0.474
21	11	2.8880000000000003
22	11	0.0
23	11	0.0
24	11	0.474
25	11	0.0
26	11	0.158
27	11	0.0
28	11	0.0
29	11	0.0
30	11	0.8620000000000001
31	11	0.0
32	11	0.0
33	11	0.0
34	11	0.0
35	11	0.0
36	11	0.0
37	11	0.0
38	11	0.0
39	11	0.0
40	11	0.0
41	11	0.0
42	11	0.632
43	11	1.796
44	11	1.7240000000000002
45	11	0.0
46	11	0.79
47	11	0.0
48	11	0.0
49	11	0.0
50	11	0.0
51	11	0.0
52	11	0.158
53	11	0.7040000000000001
54	11	0.158
55	11	0.0
56	11	0.0
57	11	0.632
58	11	0.0
59	11	0.0
60	11	0.0
61	11	0.0
62	11	0.0
63	11	0.0
64	11	0.0
65	11	0.0
66	11	0.0
67	11	1.7960000000000005
68	11	0.0
69	11	0.0
70	11	0.0
71	11	0.0
72	11	0.0
73	11	0.0
74	11	0.316
75	11	0.0
76	11	0.158
77	11	0.0
78	11	0.0
79	11	0.0
80	11	0.316
81	11	0.0
82	11	0.0
83	11	0.0
84	11	0.0
85	11	0.0
86	11	0.0
87	11	0.0
88	11	0.0
89	11	0.0
90	11	0.0
91	11	0.0
92	11	1.02
93	11	0.0
94	11	0.158
95	11	0.0
96	11	0.0
97	11	0.0
98	11	0.316
99	11	0.474
100	11	0.316
101	11	0.0
102	11	1.106
103	11	0.0
104	11	0.0
105	11	0.0
106	11	0.0
107	11	0.0
108	11	0.0
109	11	0.0
110	11	0.0
111	11	0.0
112	11	0.0
113	11	0.0
114	11	0.0
115	11	0.0
116	11	0.0
117	11	0.0
118	11	0.0
119	11	0.0
120	11	0.79
121	11	0.0
122	11	0.0
123	11	0.0
124	11	0.0
125	11	0.0
126	11	0.0
127	11	0.0
128	11	0.0
129	11	0.0
130	11	0.0
131	11	0.0
132	11	0.158
133	11	0.0
134	11	0.0
135	11	0.0
136	11	0.0
137	11	0.0
138	11	0.0
139	11	0.0
140	11	0.0
141	11	0.316
142	11	0.0
143	11	0.0
144	11	0.0
145	11	0.0
146	11	0.316
147	11	0.474
148	11	1.408
0	12	0.0
1	12	0.0
2	12	0.0
3	12	0.0
4	12	0.0
5	12	0.0
6	12	0.0
7	12	0.0
8	12	0.0
9	12	0.0
10	12	0.0
11	12	0.0
12	12	0.0
13	12	0.0
14	12	0.0
15	12	0.0
16	12	0.0
17	12	0.0
18	12	0.0
19	12	0.632
20	12	0.948
21	12	2.184
22	12	0.0
23	12	0.0
24	12	1.25
25	12	0.0
26	12	0.0
27	12	0.0
28	12	0.0
29	12	0.0
30	12	1.638
31	12	0.0
32	12	0.0
33	12	0.0
34	12	0.0
35	12	0.0
36	12	0.0
37	12	0.0
38	12	0.0
39	12	0.0
40	12	0.0
41	12	0.0
42	12	0.0
43	12	1.7960000000000005
44	12	0.546
45	12	0.0
46	12	0.0
47	12	0.0
48	12	0.0
49	12	0.0
50	12	0.0
51	12	0.0
52	12	0.0
53	12	0.0
54	12	0.0
55	12	0.0
56	12	0.0
57	12	0.0
58	12	0.0
59	12	0.0
60	12	0.0
61	12	0.0
62	12	0.0
63	12	0.0
64	12	0.0
65	12	0.0
66	12	0.0
67	12	0.0
68	12	1.408
69	12	0.0
70	12	0.0
71	12	0.0
72	12	0.0
73	12	0.0
74	12	0.158
75	12	0.0
76	12	0.0
77	12	0.0
78	12	0.0
79	12	0.0
80	12	0.0
81	12	0.0
82	12	0.7040000000000001
83	12	0.0
84	12	0.0
85	12	0.0
86	12	0.0
87	12	0.0
88	12	0.0
89	12	0.0
90	12	0.0
91	12	0.0
92	12	0.0
93	12	0.0
94	12	0.546
95	12	0.158
96	12	0.0
97	12	0.0
98	12	0.0
99	12	0.7040000000000001
100	12	0.0
101	12	0.0
102	12	0.0
103	12	0.0
104	12	0.0
105	12	0.0
106	12	0.0
107	12	0.0
108	12	0.0
109	12	0.0
110	12	0.0
111	12	0.0
112	12	0.0
113	12	0.0
114	12	0.0
115	12	0.7040000000000001
116	12	0.0
117	12	0.0
118	12	0.0
119	12	0.0
120	12	0.0
121	12	0.0
122	12	0.0
123	12	0.0
124	12	0.0
125	12	0.0
126	12	0.0
127	12	0.0
128	12	0.0
129	12	0.0
130	12	0.0
131	12	0.0
132	12	0.0
133	12	0.0
134	12	0.0
135	12	0.0
136	12	0.0
137	12	0.0
138	12	0.0
139	12	1.106
140	12	3.0460000000000003
141	12	0.632
142	12	0.632
143	12	0.0
144	12	0.0
145	12	0.158
146	12	0.316
147	12	0.948
148	12	1.02
0	13	0.0
1	13	0.0
2	13	0.0
3	13	0.0
4	13	0.0
5	13	0.0
6	13	0.0
7	13	0.0
8	13	0.0
9	13	0.0
10	13	0.0
11	13	0.0
12	13	0.0
13	13	0.0
14	13	0.0
15	13	0.0
16	13	0.0
17	13	0.0
18	13	0.0
19	13	1.652
20	13	0.316
21	13	9.092
22	13	0.0
23	13	0.0
24	13	0.316
25	13	0.0
26	13	1.0
27	13	0.0
28	13	0.0
29	13	0.0
30	13	0.0
31	13	0.0
32	13	0.0
33	13	0.0
34	13	0.0
35	13	0.0
36	13	0.0
37	13	0.0
38	13	0.0
39	13	0.0
40	13	0.0
41	13	0.0
42	13	1.58
43	13	6.638
44	13	0.0
45	13	0.0
46	13	0.0
47	13	0.0
48	13	0.0
49	13	0.0
50	13	0.0
51	13	0.0
52	13	0.0
53	13	0.0
54	13	0.0
55	13	0.0
56	13	0.0
57	13	0.0
58	13	0.0
59	13	0.0
60	13	0.0
61	13	0.0
62	13	0.0
63	13	0.0
64	13	0.0
65	13	0.0
66	13	0.0
67	13	0.0
68	13	7.158
69	13	0.0
70	13	0.0
71	13	0.0
72	13	0.0
73	13	0.0
74	13	1.0
75	13	0.0
76	13	0.0
77	13	0.0
78	13	0.0
79	13	0.0
80	13	0.0
81	13	0.0
82	13	0.0
83	13	0.0
84	13	0.0
85	13	0.0
86	13	0.0
87	13	0.0
88	13	0.0
89	13	0.0
90	13	0.0
91	13	0.0
92	13	0.0
93	13	0.0
94	13	0.0
95	13	0.0
96	13	0.0
97	13	0.0
98	13	0.474
99	13	0.158
100	13	0.0
101	13	0.0
102	13	0.79
103	13	0.0
104	13	0.0
105	13	0.0
106	13	0.0
107	13	0.0
108	13	0.0
109	13	0.0
110	13	0.0
111	13	0.0
112	13	0.0
113	13	0.0
114	13	0.0
115	13	0.0
116	13	0.0
117	13	0.0
118	13	0.0
119	13	0.0
120	13	0.158
121	13	0.0
122	13	0.0
123	13	0.0
124	13	0.0
125	13	0.0
126	13	0.0
127	13	0.0
128	13	0.0
129	13	0.0
130	13	0.0
131	13	0.0
132	13	0.0
133	13	0.0
134	13	0.0
135	13	0.0
136	13	0.0
137	13	2.178
138	13	0.0
139	13	0.316
140	13	8.638
141	13	1.7040000000000002
142	13	0.0
143	13	0.0
144	13	0.0
145	13	0.0
146	13	0.0
147	13	1.336
148	13	7.862
0	14	0.0
1	14	0.0
2	14	0.0
3	14	0.0
4	14	0.0
5	14	0.0
6	14	0.0
7	14	0.0
8	14	0.0
9	14	0.0
10	14	0.0
11	14	0.0
12	14	0.0
13	14	0.0
14	14	0.0
15	14	0.0
16	14	0.0
17	14	0.0
18	14	0.0
19	14	0.0
20	14	0.0
21	14	4.368
22	14	0.0
23	14	0.0
24	14	0.0
25	14	0.316
26	14	0.0
27	14	0.0
28	14	0.0
29	14	0.0
30	14	1.796
31	14	0.0
32	14	0.0
33	14	0.0
34	14	0.0
35	14	0.0
36	14	0.0
37	14	0.0
38	14	0.0
39	14	0.0
40	14	0.0
41	14	0.0
42	14	0.0
43	14	4.368
44	14	1.106
45	14	0.0
46	14	2.7300000000000004
47	14	0.0
48	14	0.0
49	14	0.0
50	14	0.0
51	14	0.0
52	14	0.0
53	14	0.0
54	14	0.0
55	14	0.0
56	14	0.0
57	14	0.0
58	14	0.0
59	14	0.0
60	14	0.0
61	14	0.0
62	14	0.0
63	14	0.0
64	14	0.0
65	14	0.0
66	14	0.0
67	14	0.0
68	14	3.276
69	14	0.0
70	14	0.0
71	14	0.0
72	14	0.0
73	14	0.0
74	14	0.0
75	14	0.0
76	14	0.0
77	14	0.0
78	14	0.0
79	14	0.0
80	14	0.0
81	14	0.0
82	14	0.0
83	14	0.0
84	14	0.0
85	14	0.0
86	14	0.0
87	14	0.0
88	14	0.0
89	14	0.0
90	14	0.0
91	14	0.0
92	14	0.0
93	14	0.0
94	14	1.092
95	14	0.0
96	14	0.0
97	14	0.0
98	14	0.0
99	14	0.546
100	14	0.0
101	14	0.0
102	14	0.0
103	14	0.0
104	14	0.0
105	14	0.0
106	14	0.0
107	14	0.0
108	14	0.0
109	14	0.0
110	14	0.0
111	14	0.0
112	14	0.0
113	14	0.316
114	14	0.0
115	14	0.158
116	14	0.0
117	14	0.0
118	14	0.0
119	14	0.0
120	14	0.0
121	14	0.0
122	14	0.0
123	14	0.0
124	14	0.0
125	14	0.0
126	14	0.0
127	14	0.0
128	14	0.0
129	14	0.0
130	14	0.0
131	14	0.0
132	14	0.0
133	14	0.0
134	14	0.0
135	14	0.0
136	14	0.0
137	14	0.0
138	14	0.0
139	14	0.0
140	14	0.0
141	14	0.0
142	14	0.0
143	14	0.0
144	14	0.0
145	14	0.0
146	14	0.0
147	14	0.0
148	14	3.98
0	15	0.0
1	15	0.0
2	15	0.0
3	15	0.0
4	15	0.0
5	15	0.0
6	15	0.0
7	15	0.0
8	15	0.0
9	15	0.0
10	15	0.0
11	15	0.0
12	15	0.0
13	15	0.0
14	15	0.0
15	15	0.0
16	15	0.0
17	15	0.0
18	15	0.0
19	15	0.0
20	15	2.27
21	15	2.7300000000000004
22	15	0.0
23	15	0.0
24	15	0.0
25	15	0.0
26	15	0.158
27	15	0.0
28	15	0.0
29	15	0.0
30	15	0.546
31	15	0.0
32	15	0.0
33	15	0.0
34	15	0.0
35	15	0.0
36	15	0.0
37	15	0.0
38	15	0.0
39	15	0.0
40	15	0.0
41	15	0.0
42	15	0.0
43	15	1.092
44	15	0.7040000000000001
45	15	0.0
46	15	0.0
47	15	0.0
48	15	0.0
49	15	0.0
50	15	0.0
51	15	0.0
52	15	0.0
53	15	0.0
54	15	0.0
55	15	0.0
56	15	0.0
57	15	0.0
58	15	0.0
59	15	0.0
60	15	0.0
61	15	0.0
62	15	0.0
63	15	0.0
64	15	0.0
65	15	0.0
66	15	0.0
67	15	0.0
68	15	1.638
69	15	0.0
70	15	0.0
71	15	0.0
72	15	0.0
73	15	0.0
74	15	0.0
75	15	0.0
76	15	0.0
77	15	0.0
78	15	0.0
79	15	0.0
80	15	0.0
81	15	0.0
82	15	0.0
83	15	0.0
84	15	0.0
85	15	0.0
86	15	0.0
87	15	0.0
88	15	0.0
89	15	0.0
90	15	0.0
91	15	0.0
92	15	0.0
93	15	0.0
94	15	0.7040000000000001
95	15	0.0
96	15	0.0
97	15	0.0
98	15	0.0
99	15	0.546
100	15	0.0
101	15	0.0
102	15	0.0
103	15	0.0
104	15	0.0
105	15	0.0
106	15	0.0
107	15	0.0
108	15	0.0
109	15	0.0
110	15	0.0
111	15	0.0
112	15	0.0
113	15	0.546
114	15	0.0
115	15	0.0
116	15	0.0
117	15	0.0
118	15	0.0
119	15	0.0
120	15	0.0
121	15	0.0
122	15	0.0
123	15	0.0
124	15	0.0
125	15	0.0
126	15	0.0
127	15	0.0
128	15	0.0
129	15	0.0
130	15	0.0
131	15	0.0
132	15	0.0
133	15	0.0
134	15	0.0
135	15	0.0
136	15	0.0
137	15	0.7040000000000001
138	15	0.0
139	15	0.0
140	15	1.7960000000000005
141	15	2.112
142	15	0.0
143	15	0.0
144	15	0.0
145	15	1.566
146	15	0.0
147	15	1.954
148	15	3.592
0	16	0.0
1	16	0.0
2	16	0.0
3	16	0.0
4	16	0.0
5	16	0.0
6	16	0.0
7	16	0.0
8	16	0.158
9	16	0.0
10	16	0.0
11	16	0.474
12	16	0.0
13	16	0.0
14	16	0.0
15	16	0.0
16	16	0.0
17	16	0.0
18	16	0.0
19	16	0.0
20	16	1.7240000000000002
21	16	7.184
22	16	0.0
23	16	0.0
24	16	2.112
25	16	0.158
26	16	0.158
27	16	0.948
28	16	0.0
29	16	0.474
30	16	2.02
31	16	0.0
32	16	0.474
33	16	0.0
34	16	0.0
35	16	0.0
36	16	0.0
37	16	0.0
38	16	0.0
39	16	0.0
40	16	0.0
41	16	0.0
42	16	4.684
43	16	4.888
44	16	2.7960000000000003
45	16	0.0
46	16	0.0
47	16	0.7040000000000001
48	16	0.158
49	16	0.0
50	16	1.25
51	16	0.158
52	16	0.0
53	16	0.7040000000000001
54	16	2.428
55	16	0.0
56	16	0.0
57	16	2.02
58	16	0.0
59	16	0.0
60	16	0.0
61	16	0.0
62	16	0.0
63	16	0.0
64	16	0.0
65	16	0.0
66	16	0.158
67	16	0.0
68	16	3.98
69	16	0.0
70	16	0.0
71	16	0.0
72	16	0.0
73	16	0.0
74	16	0.0
75	16	0.0
76	16	0.0
77	16	0.0
78	16	0.0
79	16	0.0
80	16	0.0
81	16	0.0
82	16	0.0
83	16	0.0
84	16	0.0
85	16	0.546
86	16	0.158
87	16	0.0
88	16	0.316
89	16	0.0
90	16	0.0
91	16	0.0
92	16	0.158
93	16	0.0
94	16	0.474
95	16	0.316
96	16	0.0
97	16	0.0
98	16	0.316
99	16	0.316
100	16	0.158
101	16	0.0
102	16	0.948
103	16	0.0
104	16	4.0
105	16	0.0
106	16	0.0
107	16	0.0
108	16	0.0
109	16	0.0
110	16	0.0
111	16	0.0
112	16	0.0
113	16	0.316
114	16	0.0
115	16	0.158
116	16	0.0
117	16	0.0
118	16	0.0
119	16	0.0
120	16	0.0
121	16	0.0
122	16	0.0
123	16	0.0
124	16	0.0
125	16	0.0
126	16	0.0
127	16	0.0
128	16	0.0
129	16	0.0
130	16	0.0
131	16	0.0
132	16	0.0
133	16	0.0
134	16	0.0
135	16	0.0
136	16	0.0
137	16	0.0
138	16	0.0
139	16	0.0
140	16	5.5
141	16	3.25
142	16	0.0
143	16	0.0
144	16	0.0
145	16	0.0
146	16	0.0
147	16	0.0
148	16	5.5
0	17	0.0
1	17	0.0
2	17	0.0
3	17	0.0
4	17	0.0
5	17	0.0
6	17	0.0
7	17	0.0
8	17	0.0
9	17	0.0
10	17	0.0
11	17	0.0
12	17	0.0
13	17	0.0
14	17	0.0
15	17	0.0
16	17	0.0
17	17	0.0
18	17	0.0
19	17	0.0
20	17	1.02
21	17	1.954
22	17	0.0
23	17	0.0
24	17	0.158
25	17	0.0
26	17	0.0
27	17	0.0
28	17	0.0
29	17	0.0
30	17	0.546
31	17	0.0
32	17	0.0
33	17	0.0
34	17	0.0
35	17	0.0
36	17	0.0
37	17	0.0
38	17	0.0
39	17	0.0
40	17	0.0
41	17	0.0
42	17	0.0
43	17	0.474
44	17	0.546
45	17	0.0
46	17	0.0
47	17	0.0
48	17	0.0
49	17	0.0
50	17	0.0
51	17	0.0
52	17	0.0
53	17	0.0
54	17	0.0
55	17	0.0
56	17	0.0
57	17	0.0
58	17	0.0
59	17	0.0
60	17	0.0
61	17	0.0
62	17	0.0
63	17	0.0
64	17	0.0
65	17	0.0
66	17	0.0
67	17	0.0
68	17	1.566
69	17	0.0
70	17	0.0
71	17	0.0
72	17	0.0
73	17	0.0
74	17	0.0
75	17	0.0
76	17	0.0
77	17	0.0
78	17	0.0
79	17	0.0
80	17	0.0
81	17	0.158
82	17	0.0
83	17	0.0
84	17	0.0
85	17	0.948
86	17	0.0
87	17	0.0
88	17	0.0
89	17	0.0
90	17	0.0
91	17	0.0
92	17	0.158
93	17	0.0
94	17	0.0
95	17	0.158
96	17	0.0
97	17	0.158
98	17	0.0
99	17	0.546
100	17	0.0
101	17	0.0
102	17	0.0
103	17	0.0
104	17	0.0
105	17	0.0
106	17	0.0
107	17	0.0
108	17	0.0
109	17	0.0
110	17	0.0
111	17	0.0
112	17	0.0
113	17	0.0
114	17	0.0
115	17	0.0
116	17	0.0
117	17	0.0
118	17	0.0
119	17	0.0
120	17	0.8620000000000001
121	17	0.0
122	17	0.0
123	17	0.0
124	17	0.0
125	17	0.0
126	17	0.0
127	17	0.0
128	17	0.0
129	17	0.0
130	17	0.0
131	17	0.0
132	17	0.0
133	17	0.316
134	17	0.0
135	17	0.0
136	17	0.0
137	17	0.0
138	17	0.0
139	17	0.0
140	17	1.092
141	17	1.336
142	17	0.0
143	17	0.158
144	17	0.0
145	17	0.0
146	17	1.092
147	17	0.632
148	17	1.25
0	18	0.0
1	18	0.0
2	18	0.0
3	18	0.0
4	18	0.0
5	18	0.0
6	18	0.0
7	18	0.0
8	18	0.0
9	18	0.0
10	18	0.0
11	18	0.0
12	18	0.0
13	18	0.0
14	18	0.0
15	18	0.0
16	18	0.0
17	18	0.0
18	18	0.0
19	18	1.652
20	18	5.460000000000001
21	18	3.98
22	18	0.0
23	18	0.0
24	18	1.7960000000000005
25	18	0.474
26	18	0.158
27	18	0.0
28	18	0.0
29	18	0.0
30	18	0.0
31	18	0.0
32	18	0.0
33	18	0.0
34	18	0.0
35	18	0.0
36	18	0.0
37	18	0.0
38	18	0.0
39	18	0.0
40	18	0.0
41	18	0.0
42	18	5.072
43	18	3.5920000000000005
44	18	1.638
45	18	0.0
46	18	4.368
47	18	0.0
48	18	0.0
49	18	0.0
50	18	1.092
51	18	0.0
52	18	0.0
53	18	0.158
54	18	0.158
55	18	0.0
56	18	0.0
57	18	0.158
58	18	0.0
59	18	0.0
60	18	0.0
61	18	0.0
62	18	0.0
63	18	0.0
64	18	0.0
65	18	0.0
66	18	1.566
67	18	0.0
68	18	2.342
69	18	0.0
70	18	0.0
71	18	0.0
72	18	0.0
73	18	0.0
74	18	0.0
75	18	0.0
76	18	0.546
77	18	0.0
78	18	2.8880000000000003
79	18	0.0
80	18	0.0
81	18	0.0
82	18	0.0
83	18	0.0
84	18	0.0
85	18	0.0
86	18	0.0
87	18	0.0
88	18	0.0
89	18	0.0
90	18	0.0
91	18	0.0
92	18	0.0
93	18	0.0
94	18	2.8880000000000003
95	18	0.0
96	18	0.0
97	18	0.0
98	18	0.0
99	18	0.546
100	18	0.0
101	18	0.0
102	18	5.072
103	18	0.0
104	18	0.7040000000000001
105	18	4.526000000000001
106	18	0.7040000000000001
107	18	3.822
108	18	5.072
109	18	1.652
110	18	0.0
111	18	0.0
112	18	0.0
113	18	0.474
114	18	0.0
115	18	0.0
116	18	0.0
117	18	0.0
118	18	0.0
119	18	0.0
120	18	1.638
121	18	0.0
122	18	0.0
123	18	0.0
124	18	0.0
125	18	0.0
126	18	0.0
127	18	0.0
128	18	0.0
129	18	0.0
130	18	0.0
131	18	0.0
132	18	0.0
133	18	0.0
134	18	0.0
135	18	0.0
136	18	0.0
137	18	0.0
138	18	0.0
139	18	3.434
140	18	4.914000000000001
141	18	4.914000000000001
142	18	1.092
143	18	1.02
144	18	0.0
145	18	0.0
146	18	1.02
147	18	1.7960000000000005
148	18	3.434
0	19	0.8620000000000001
1	19	0.0
2	19	0.316
3	19	0.0
4	19	0.632
5	19	2.744
6	19	0.0
7	19	0.632
8	19	1.652
9	19	0.0
10	19	0.0
11	19	0.0
12	19	0.0
13	19	0.8620000000000001
14	19	0.0
15	19	0.0
16	19	0.0
17	19	0.0
18	19	0.0
19	19	1.954
20	19	1.336
21	19	3.658
22	19	0.0
23	19	0.0
24	19	1.336
25	19	0.0
26	19	0.158
27	19	0.0
28	19	0.0
29	19	2.27
30	19	4.914000000000001
31	19	0.0
32	19	0.0
33	19	0.0
34	19	0.158
35	19	0.0
36	19	0.0
37	19	0.0
38	19	0.0
39	19	0.0
40	19	0.0
41	19	0.0
42	19	2.112
43	19	3.408
44	19	1.25
45	19	0.0
46	19	0.0
47	19	0.316
48	19	0.0
49	19	0.316
50	19	0.0
51	19	0.158
52	19	0.0
53	19	0.0
54	19	0.158
55	19	0.0
56	19	0.0
57	19	0.0
58	19	0.0
59	19	0.0
60	19	0.0
61	19	0.0
62	19	0.0
63	19	0.0
64	19	0.0
65	19	0.0
66	19	0.0
67	19	3.52
68	19	4.3420000000000005
69	19	1.954
70	19	0.0
71	19	2.198
72	19	0.7040000000000001
73	19	0.0
74	19	1.704
75	19	0.316
76	19	2.6580000000000004
77	19	0.0
78	19	1.954
79	19	1.566
80	19	0.0
81	19	1.408
82	19	3.704
83	19	0.316
84	19	0.0
85	19	0.0
86	19	0.0
87	19	1.724
88	19	0.0
89	19	0.0
90	19	1.422
91	19	0.0
92	19	1.566
93	19	0.0
94	19	1.02
95	19	1.7240000000000002
96	19	0.158
97	19	0.0
98	19	0.316
99	19	0.316
100	19	0.474
101	19	0.0
102	19	1.81
103	19	0.0
104	19	3.434
105	19	0.0
106	19	0.0
107	19	0.0
108	19	0.0
109	19	0.0
110	19	0.0
111	19	0.0
112	19	0.0
113	19	0.0
114	19	0.0
115	19	0.0
116	19	0.0
117	19	0.0
118	19	0.0
119	19	0.0
120	19	0.0
121	19	0.158
122	19	0.158
123	19	0.0
124	19	0.0
125	19	0.0
126	19	0.0
127	19	0.158
128	19	0.0
129	19	0.0
130	19	0.0
131	19	0.0
132	19	4.914000000000001
133	19	1.092
134	19	0.158
135	19	2.342
136	19	0.0
137	19	0.158
138	19	0.0
139	19	0.0
140	19	5.046
141	19	3.204
142	19	1.7240000000000002
143	19	0.8620000000000001
144	19	3.434
145	19	2.5
146	19	0.8620000000000001
147	19	3.434
148	19	4.888
0	20	0.0
1	20	0.0
2	20	1.02
3	20	0.0
4	20	0.0
5	20	0.0
6	20	0.0
7	20	0.0
8	20	1.02
9	20	0.0
10	20	0.0
11	20	1.81
12	20	0.0
13	20	0.158
14	20	0.0
15	20	0.0
16	20	0.0
17	20	0.0
18	20	0.0
19	20	0.158
20	20	3.954
21	20	6.862
22	20	0.0
23	20	0.0
24	20	2.106
25	20	3.362
26	20	2.882
27	20	1.408
28	20	0.0
29	20	1.704
30	20	4.178
31	20	0.0
32	20	0.474
33	20	0.0
34	20	0.0
35	20	0.0
36	20	0.0
37	20	0.0
38	20	0.0
39	20	0.0
40	20	0.0
41	20	0.0
42	20	6.3420000000000005
43	20	8.25
44	20	1.7240000000000002
45	20	0.0
46	20	0.0
47	20	1.0
48	20	0.0
49	20	0.0
50	20	0.0
51	20	0.0
52	20	0.0
53	20	0.0
54	20	0.0
55	20	0.0
56	20	0.0
57	20	0.0
58	20	0.0
59	20	0.0
60	20	0.0
61	20	0.0
62	20	0.0
63	20	0.0
64	20	0.0
65	20	0.0
66	20	0.0
67	20	2.158
68	20	5.704000000000001
69	20	1.0
70	20	0.0
71	20	0.0
72	20	1.0
73	20	0.0
74	20	0.0
75	20	0.0
76	20	0.0
77	20	0.0
78	20	0.0
79	20	0.158
80	20	0.0
81	20	0.0
82	20	1.0
83	20	0.158
84	20	0.0
85	20	1.7960000000000005
86	20	0.0
87	20	0.0
88	20	0.0
89	20	0.0
90	20	0.0
91	20	0.0
92	20	0.0
93	20	0.0
94	20	0.158
95	20	0.158
96	20	0.0
97	20	0.546
98	20	0.632
99	20	0.316
100	20	1.1780000000000002
101	20	0.0
102	20	1.1780000000000002
103	20	0.0
104	20	1.092
105	20	0.0
106	20	0.0
107	20	0.0
108	20	0.0
109	20	0.0
110	20	3.5200000000000005
111	20	0.0
112	20	0.0
113	20	3.5200000000000005
114	20	1.494
115	20	2.744
116	20	1.25
117	20	1.968
118	20	1.724
119	20	0.0
120	20	1.546
121	20	0.0
122	20	0.0
123	20	0.0
124	20	0.158
125	20	0.0
126	20	0.0
127	20	0.0
128	20	0.0
129	20	0.0
130	20	0.0
131	20	0.0
132	20	0.0
133	20	0.0
134	20	0.158
135	20	0.0
136	20	0.316
137	20	0.0
138	20	0.0
139	20	0.0
140	20	6.862
141	20	3.0460000000000003
142	20	0.158
143	20	0.0
144	20	0.0
145	20	0.8620000000000001
146	20	0.0
147	20	0.316
148	20	6.796
0	21	0.0
1	21	0.0
2	21	0.0
3	21	0.0
4	21	0.0
5	21	0.0
6	21	0.0
7	21	0.0
8	21	0.0
9	21	0.0
10	21	0.0
11	21	0.0
12	21	0.0
13	21	0.0
14	21	0.0
15	21	0.0
16	21	0.0
17	21	0.0
18	21	0.0
19	21	0.0
20	21	2.724
21	21	1.652
22	21	0.0
23	21	0.0
24	21	0.158
25	21	0.316
26	21	0.7040000000000001
27	21	0.0
28	21	0.0
29	21	0.0
30	21	1.02
31	21	0.0
32	21	0.0
33	21	0.0
34	21	0.0
35	21	0.0
36	21	0.0
37	21	0.0
38	21	0.0
39	21	0.0
40	21	0.0
41	21	0.0
42	21	0.0
43	21	1.79
44	21	0.316
45	21	0.0
46	21	0.0
47	21	0.0
48	21	0.0
49	21	0.0
50	21	0.0
51	21	0.0
52	21	0.0
53	21	0.0
54	21	0.0
55	21	0.0
56	21	0.0
57	21	0.0
58	21	0.0
59	21	0.0
60	21	0.0
61	21	0.0
62	21	0.0
63	21	0.0
64	21	0.0
65	21	0.0
66	21	0.0
67	21	0.0
68	21	1.178
69	21	0.0
70	21	0.0
71	21	0.0
72	21	0.0
73	21	0.0
74	21	0.0
75	21	0.0
76	21	0.0
77	21	0.0
78	21	0.0
79	21	0.0
80	21	0.0
81	21	0.0
82	21	0.0
83	21	0.0
84	21	0.0
85	21	0.0
86	21	0.0
87	21	0.0
88	21	0.0
89	21	0.0
90	21	0.0
91	21	0.0
92	21	0.0
93	21	0.0
94	21	0.8620000000000001
95	21	0.0
96	21	0.0
97	21	0.0
98	21	0.0
99	21	0.7040000000000001
100	21	0.0
101	21	0.0
102	21	0.0
103	21	0.0
104	21	0.0
105	21	0.0
106	21	0.0
107	21	0.0
108	21	0.0
109	21	0.0
110	21	0.0
111	21	0.0
112	21	0.0
113	21	0.0
114	21	0.0
115	21	0.0
116	21	0.0
117	21	0.0
118	21	0.0
119	21	0.0
120	21	0.0
121	21	0.0
122	21	0.0
123	21	0.0
124	21	0.0
125	21	0.0
126	21	0.0
127	21	0.0
128	21	0.0
129	21	0.0
130	21	0.0
131	21	0.0
132	21	0.0
133	21	0.0
134	21	0.0
135	21	0.0
136	21	0.0
137	21	0.0
138	21	0.0
139	21	0.0
140	21	1.178
141	21	2.5660000000000003
142	21	0.0
143	21	0.0
144	21	0.0
145	21	0.0
146	21	0.0
147	21	2.112
148	21	1.1780000000000002
0	22	0.0
1	22	1.264
2	22	0.0
3	22	0.0
4	22	2.106
5	22	1.81
6	22	0.0
7	22	0.0
8	22	5.98
9	22	0.0
10	22	0.0
11	22	1.652
12	22	1.1780000000000002
13	22	0.0
14	22	2.974
15	22	1.882
16	22	0.0
17	22	0.0
18	22	0.0
19	22	1.652
20	22	2.04
21	22	3.974
22	22	0.0
23	22	0.0
24	22	2.27
25	22	4.296
26	22	2.5860000000000003
27	22	3.5
28	22	0.0
29	22	1.882
30	22	4.138
31	22	0.0
32	22	0.158
33	22	0.0
34	22	0.0
35	22	0.0
36	22	0.0
37	22	0.0
38	22	0.0
39	22	0.0
40	22	0.0
41	22	0.0
42	22	3.908
43	22	1.882
44	22	1.106
45	22	0.0
46	22	2.184
47	22	1.02
48	22	3.362
49	22	0.0
50	22	2.198
51	22	2.494
52	22	0.474
53	22	0.7040000000000001
54	22	1.652
55	22	0.948
56	22	2.5860000000000003
57	22	1.81
58	22	0.0
59	22	0.0
60	22	0.0
61	22	0.0
62	22	0.0
63	22	0.0
64	22	0.0
65	22	0.0
66	22	0.158
67	22	0.474
68	22	0.0
69	22	0.0
70	22	0.0
71	22	0.0
72	22	0.0
73	22	0.0
74	22	0.158
75	22	0.0
76	22	1.566
77	22	0.0
78	22	0.158
79	22	0.0
80	22	0.632
81	22	0.158
82	22	0.546
83	22	0.158
84	22	0.0
85	22	0.0
86	22	0.0
87	22	0.0
88	22	0.79
89	22	0.158
90	22	0.0
91	22	0.0
92	22	0.0
93	22	1.422
94	22	2.106
95	22	1.264
96	22	0.0
97	22	1.1780000000000002
98	22	1.494
99	22	0.546
100	22	0.158
101	22	0.0
102	22	1.4940000000000002
103	22	0.0
104	22	0.632
105	22	0.0
106	22	0.0
107	22	0.0
108	22	0.0
109	22	0.0
110	22	0.0
111	22	0.0
112	22	0.0
113	22	0.0
114	22	0.7040000000000001
115	22	1.81
116	22	0.0
117	22	0.546
118	22	0.0
119	22	0.0
120	22	0.474
121	22	0.0
122	22	0.0
123	22	0.0
124	22	0.0
125	22	0.0
126	22	0.0
127	22	0.0
128	22	0.0
129	22	0.0
130	22	0.0
131	22	0.0
132	22	0.0
133	22	0.0
134	22	0.0
135	22	0.0
136	22	0.0
137	22	0.0
138	22	0.0
139	22	0.0
140	22	0.0
141	22	1.81
142	22	1.336
143	22	0.948
144	22	0.0
145	22	0.0
146	22	0.632
147	22	1.58
148	22	2.974
0	23	0.0
1	23	0.0
2	23	0.0
3	23	0.0
4	23	0.0
5	23	0.0
6	23	0.0
7	23	0.0
8	23	0.0
9	23	0.0
10	23	0.0
11	23	0.0
12	23	0.0
13	23	0.0
14	23	0.0
15	23	0.0
16	23	0.0
17	23	0.0
18	23	0.0
19	23	0.158
20	23	0.474
21	23	3.434
22	23	0.0
23	23	0.0
24	23	0.158
25	23	0.0
26	23	0.0
27	23	0.0
28	23	0.0
29	23	0.0
30	23	0.474
31	23	0.0
32	23	0.158
33	23	0.0
34	23	0.0
35	23	0.0
36	23	0.0
37	23	0.0
38	23	0.0
39	23	0.0
40	23	0.0
41	23	0.0
42	23	2.8880000000000003
43	23	2.5
44	23	0.0
45	23	0.0
46	23	0.546
47	23	0.546
48	23	0.0
49	23	0.0
50	23	0.7040000000000001
51	23	0.7040000000000001
52	23	0.0
53	23	0.158
54	23	1.25
55	23	0.0
56	23	0.0
57	23	0.474
58	23	0.0
59	23	0.0
60	23	0.0
61	23	0.0
62	23	0.0
63	23	0.0
64	23	0.0
65	23	0.0
66	23	0.0
67	23	0.0
68	23	0.0
69	23	0.0
70	23	0.0
71	23	0.0
72	23	0.0
73	23	0.0
74	23	0.0
75	23	0.0
76	23	0.316
77	23	0.0
78	23	0.158
79	23	0.546
80	23	0.0
81	23	0.0
82	23	0.0
83	23	0.0
84	23	0.0
85	23	0.0
86	23	0.0
87	23	0.0
88	23	0.0
89	23	0.0
90	23	0.0
91	23	0.0
92	23	0.0
93	23	0.0
94	23	0.0
95	23	0.0
96	23	0.0
97	23	0.0
98	23	0.0
99	23	0.0
100	23	0.0
101	23	0.0
102	23	0.0
103	23	0.0
104	23	0.158
105	23	0.0
106	23	0.0
107	23	0.0
108	23	0.0
109	23	0.0
110	23	0.0
111	23	0.0
112	23	0.0
113	23	0.0
114	23	0.0
115	23	0.158
116	23	0.0
117	23	0.0
118	23	0.0
119	23	0.0
120	23	0.158
121	23	0.0
122	23	0.0
123	23	0.158
124	23	0.0
125	23	0.0
126	23	0.0
127	23	0.0
128	23	0.0
129	23	0.0
130	23	0.0
131	23	0.0
132	23	0.158
133	23	0.0
134	23	0.0
135	23	0.158
136	23	0.0
137	23	0.0
138	23	0.0
139	23	0.0
140	23	3.0460000000000003
141	23	0.316
142	23	0.0
143	23	0.0
144	23	0.0
145	23	0.0
146	23	0.0
147	23	1.408
148	23	2.5
0	24	0.0
1	24	0.0
2	24	0.0
3	24	0.0
4	24	0.0
5	24	0.0
6	24	0.0
7	24	0.0
8	24	0.0
9	24	0.0
10	24	0.0
11	24	0.0
12	24	0.0
13	24	0.0
14	24	0.0
15	24	0.0
16	24	0.0
17	24	0.0
18	24	0.0
19	24	0.474
20	24	0.158
21	24	1.25
22	24	0.0
23	24	0.0
24	24	0.0
25	24	0.0
26	24	0.0
27	24	0.0
28	24	1.092
29	24	0.0
30	24	0.7040000000000001
31	24	0.0
32	24	0.0
33	24	0.0
34	24	0.0
35	24	0.0
36	24	0.0
37	24	0.0
38	24	0.0
39	24	0.0
40	24	0.0
41	24	0.0
42	24	0.0
43	24	0.7040000000000001
44	24	0.0
45	24	0.0
46	24	0.316
47	24	0.0
48	24	0.0
49	24	0.0
50	24	0.0
51	24	0.0
52	24	0.0
53	24	0.0
54	24	0.0
55	24	0.0
56	24	0.0
57	24	0.0
58	24	0.0
59	24	0.0
60	24	0.0
61	24	0.0
62	24	0.0
63	24	0.0
64	24	0.0
65	24	0.0
66	24	0.0
67	24	0.0
68	24	1.25
69	24	0.0
70	24	0.0
71	24	0.0
72	24	0.0
73	24	0.0
74	24	0.0
75	24	0.0
76	24	0.0
77	24	0.0
78	24	0.0
79	24	0.0
80	24	0.0
81	24	0.0
82	24	0.0
83	24	0.0
84	24	0.0
85	24	0.0
86	24	0.0
87	24	0.0
88	24	0.0
89	24	0.0
90	24	0.0
91	24	0.0
92	24	0.0
93	24	0.0
94	24	0.0
95	24	0.0
96	24	0.0
97	24	0.0
98	24	0.0
99	24	0.0
100	24	0.0
101	24	0.0
102	24	0.0
103	24	0.0
104	24	0.0
105	24	0.0
106	24	0.0
107	24	0.0
108	24	0.0
109	24	0.0
110	24	0.0
111	24	0.0
112	24	0.0
113	24	0.0
114	24	0.0
115	24	0.0
116	24	0.0
117	24	0.0
118	24	0.0
119	24	0.0
120	24	0.0
121	24	0.0
122	24	0.0
123	24	0.0
124	24	0.0
125	24	0.0
126	24	0.0
127	24	0.0
128	24	0.0
129	24	0.0
130	24	0.0
131	24	0.0
132	24	0.0
133	24	0.0
134	24	0.0
135	24	0.0
136	24	0.0
137	24	0.0
138	24	0.0
139	24	0.0
140	24	1.25
141	24	0.158
142	24	0.0
143	24	0.0
144	24	0.0
145	24	0.0
146	24	0.158
147	24	0.316
148	24	0.546
0	25	0.0
1	25	0.0
2	25	0.0
3	25	0.0
4	25	0.0
5	25	0.0
6	25	0.0
7	25	0.0
8	25	0.0
9	25	0.0
10	25	0.0
11	25	0.0
12	25	0.0
13	25	0.0
14	25	0.0
15	25	0.0
16	25	0.0
17	25	0.0
18	25	0.0
19	25	0.0
20	25	0.316
21	25	0.8620000000000001
22	25	0.0
23	25	0.0
24	25	0.0
25	25	0.158
26	25	0.0
27	25	0.0
28	25	0.0
29	25	0.0
30	25	0.546
31	25	0.0
32	25	0.0
33	25	0.0
34	25	0.0
35	25	0.0
36	25	0.0
37	25	0.0
38	25	0.0
39	25	0.0
40	25	0.0
41	25	0.0
42	25	0.0
43	25	0.316
44	25	0.0
45	25	0.0
46	25	0.546
47	25	0.0
48	25	0.0
49	25	0.0
50	25	0.0
51	25	0.0
52	25	0.0
53	25	0.0
54	25	0.0
55	25	0.0
56	25	0.0
57	25	0.0
58	25	0.0
59	25	0.0
60	25	0.0
61	25	0.0
62	25	0.0
63	25	0.0
64	25	0.0
65	25	0.0
66	25	0.0
67	25	1.25
68	25	0.8620000000000001
69	25	0.0
70	25	0.0
71	25	0.0
72	25	0.0
73	25	0.0
74	25	0.0
75	25	0.0
76	25	0.0
77	25	0.0
78	25	0.0
79	25	0.0
80	25	0.0
81	25	0.0
82	25	0.0
83	25	0.0
84	25	0.0
85	25	0.0
86	25	0.0
87	25	0.0
88	25	0.0
89	25	0.0
90	25	0.0
91	25	0.0
92	25	0.0
93	25	0.0
94	25	1.092
95	25	0.0
96	25	0.0
97	25	0.0
98	25	0.0
99	25	0.0
100	25	0.0
101	25	0.0
102	25	0.0
103	25	0.0
104	25	0.546
105	25	0.0
106	25	0.0
107	25	0.0
108	25	0.0
109	25	0.0
110	25	0.0
111	25	0.0
112	25	0.0
113	25	0.158
114	25	0.0
115	25	0.0
116	25	0.0
117	25	0.0
118	25	0.0
119	25	0.0
120	25	0.0
121	25	0.0
122	25	0.0
123	25	0.0
124	25	0.0
125	25	0.0
126	25	0.0
127	25	0.0
128	25	0.0
129	25	0.0
130	25	0.0
131	25	0.0
132	25	0.0
133	25	0.0
134	25	0.0
135	25	0.0
136	25	0.0
137	25	0.0
138	25	0.0
139	25	0.0
140	25	1.02
141	25	0.0
142	25	0.0
143	25	0.0
144	25	0.0
145	25	0.0
146	25	0.0
147	25	0.0
148	25	1.02
0	26	0.0
1	26	0.0
2	26	0.0
3	26	0.0
4	26	0.0
5	26	0.0
6	26	0.0
7	26	0.0
8	26	0.0
9	26	0.0
10	26	0.0
11	26	0.0
12	26	0.0
13	26	0.0
14	26	0.0
15	26	0.0
16	26	0.0
17	26	0.0
18	26	0.0
19	26	0.474
20	26	1.632
21	26	5.046
22	26	0.0
23	26	0.0
24	26	0.79
25	26	0.0
26	26	0.0
27	26	0.0
28	26	0.0
29	26	0.0
30	26	0.0
31	26	0.0
32	26	0.0
33	26	0.0
34	26	0.0
35	26	0.0
36	26	0.0
37	26	0.0
38	26	0.0
39	26	0.0
40	26	0.0
41	26	0.0
42	26	0.0
43	26	4.204000000000001
44	26	3.5920000000000005
45	26	0.0
46	26	1.566
47	26	0.0
48	26	0.0
49	26	0.0
50	26	0.0
51	26	0.0
52	26	0.0
53	26	0.0
54	26	0.0
55	26	0.0
56	26	0.0
57	26	0.0
58	26	0.0
59	26	0.0
60	26	0.0
61	26	0.0
62	26	0.0
63	26	0.0
64	26	0.0
65	26	0.0
66	26	0.0
67	26	0.0
68	26	3.112
69	26	0.0
70	26	0.0
71	26	0.0
72	26	0.0
73	26	0.0
74	26	0.0
75	26	0.0
76	26	0.0
77	26	0.0
78	26	0.0
79	26	0.0
80	26	0.0
81	26	0.0
82	26	0.0
83	26	0.0
84	26	0.0
85	26	0.0
86	26	0.0
87	26	0.0
88	26	0.0
89	26	0.0
90	26	0.0
91	26	0.0
92	26	0.0
93	26	0.0
94	26	0.948
95	26	0.0
96	26	0.0
97	26	0.0
98	26	0.0
99	26	0.0
100	26	0.0
101	26	0.0
102	26	0.158
103	26	0.0
104	26	0.0
105	26	0.0
106	26	0.0
107	26	0.0
108	26	0.0
109	26	0.0
110	26	0.948
111	26	0.0
112	26	0.0
113	26	1.264
114	26	0.0
115	26	0.0
116	26	0.0
117	26	0.0
118	26	0.948
119	26	0.0
120	26	0.158
121	26	0.0
122	26	0.0
123	26	0.0
124	26	0.0
125	26	0.0
126	26	0.0
127	26	0.0
128	26	0.0
129	26	0.0
130	26	0.0
131	26	0.0
132	26	0.0
133	26	0.158
134	26	0.0
135	26	0.0
136	26	0.0
137	26	0.0
138	26	0.0
139	26	0.0
140	26	4.362
141	26	1.474
142	26	0.0
143	26	0.0
144	26	0.0
145	26	1.862
146	26	0.0
147	26	2.408
148	26	5.658
0	27	0.0
1	27	0.0
2	27	0.0
3	27	0.158
4	27	0.0
5	27	0.0
6	27	0.0
7	27	0.0
8	27	0.474
9	27	0.0
10	27	0.0
11	27	0.0
12	27	0.0
13	27	0.0
14	27	0.0
15	27	0.158
16	27	0.0
17	27	0.0
18	27	0.0
19	27	0.0
20	27	0.0
21	27	7.342
22	27	0.0
23	27	0.0
24	27	0.0
25	27	0.0
26	27	0.316
27	27	0.0
28	27	0.0
29	27	0.0
30	27	0.8620000000000001
31	27	0.0
32	27	0.0
33	27	0.0
34	27	0.0
35	27	0.0
36	27	0.0
37	27	0.0
38	27	0.0
39	27	0.0
40	27	0.0
41	27	0.0
42	27	0.79
43	27	6.184
44	27	5.638
45	27	0.0
46	27	2.316
47	27	0.0
48	27	0.0
49	27	0.0
50	27	4.684
51	27	1.0
52	27	1.092
53	27	3.342
54	27	0.546
55	27	2.112
56	27	0.158
57	27	0.632
58	27	0.0
59	27	0.0
60	27	0.0
61	27	0.0
62	27	0.0
63	27	0.0
64	27	0.0
65	27	0.0
66	27	0.0
67	27	0.0
68	27	4.796
69	27	0.0
70	27	0.0
71	27	0.0
72	27	0.0
73	27	0.0
74	27	0.0
75	27	0.0
76	27	0.158
77	27	0.0
78	27	0.0
79	27	0.0
80	27	0.0
81	27	0.158
82	27	0.0
83	27	0.0
84	27	0.0
85	27	0.0
86	27	0.0
87	27	0.0
88	27	0.0
89	27	0.0
90	27	0.0
91	27	0.0
92	27	0.0
93	27	0.0
94	27	0.0
95	27	0.0
96	27	0.0
97	27	0.0
98	27	0.0
99	27	4.0
100	27	0.0
101	27	0.0
102	27	0.316
103	27	0.0
104	27	0.0
105	27	0.0
106	27	0.0
107	27	0.0
108	27	0.0
109	27	0.0
110	27	0.158
111	27	0.0
112	27	0.0
113	27	0.0
114	27	0.0
115	27	0.0
116	27	0.0
117	27	0.0
118	27	0.0
119	27	0.0
120	27	0.0
121	27	0.0
122	27	0.0
123	27	0.0
124	27	0.0
125	27	0.0
126	27	0.0
127	27	0.0
128	27	0.0
129	27	0.0
130	27	0.0
131	27	0.0
132	27	0.0
133	27	0.0
134	27	0.0
135	27	0.0
136	27	0.0
137	27	0.0
138	27	0.0
139	27	0.0
140	27	0.0
141	27	0.0
142	27	0.0
143	27	0.0
144	27	0.0
145	27	0.0
146	27	0.0
147	27	0.0
148	27	5.98
0	28	0.0
1	28	0.0
2	28	0.0
3	28	0.158
4	28	0.0
5	28	0.546
6	28	0.0
7	28	0.0
8	28	1.25
9	28	0.0
10	28	0.0
11	28	1.7240000000000002
12	28	0.0
13	28	0.0
14	28	0.0
15	28	1.1780000000000002
16	28	0.0
17	28	0.0
18	28	0.0
19	28	0.316
20	28	1.1780000000000002
21	28	4.724
22	28	0.0
23	28	0.0
24	28	1.02
25	28	0.158
26	28	0.546
27	28	0.0
28	28	0.0
29	28	0.158
30	28	1.862
31	28	0.0
32	28	0.0
33	28	0.0
34	28	0.0
35	28	0.0
36	28	0.0
37	28	0.0
38	28	0.0
39	28	0.0
40	28	0.0
41	28	0.0
42	28	1.566
43	28	5.796
44	28	2.6580000000000004
45	28	0.0
46	28	2.7960000000000003
47	28	0.0
48	28	0.0
49	28	0.0
50	28	0.0
51	28	0.0
52	28	0.0
53	28	0.0
54	28	0.0
55	28	0.0
56	28	0.0
57	28	0.0
58	28	0.0
59	28	0.0
60	28	0.0
61	28	0.0
62	28	0.0
63	28	0.0
64	28	0.0
65	28	0.0
66	28	0.0
67	28	0.0
68	28	4.046
69	28	0.0
70	28	0.0
71	28	0.0
72	28	0.0
73	28	0.0
74	28	0.0
75	28	0.0
76	28	0.0
77	28	0.0
78	28	0.0
79	28	0.546
80	28	0.0
81	28	0.0
82	28	0.0
83	28	0.0
84	28	0.0
85	28	0.158
86	28	0.0
87	28	0.0
88	28	0.0
89	28	0.0
90	28	0.0
91	28	0.0
92	28	0.0
93	28	0.0
94	28	1.02
95	28	0.632
96	28	0.0
97	28	0.0
98	28	0.7040000000000001
99	28	0.0
100	28	0.0
101	28	0.0
102	28	0.7040000000000001
103	28	0.0
104	28	0.0
105	28	0.0
106	28	0.0
107	28	0.0
108	28	0.0
109	28	0.0
110	28	0.0
111	28	0.0
112	28	0.0
113	28	0.158
114	28	0.0
115	28	0.0
116	28	0.0
117	28	0.0
118	28	0.0
119	28	0.0
120	28	0.158
121	28	0.0
122	28	0.0
123	28	0.0
124	28	0.0
125	28	0.0
126	28	0.0
127	28	0.0
128	28	0.0
129	28	0.0
130	28	0.0
131	28	0.0
132	28	0.0
133	28	0.0
134	28	0.0
135	28	0.0
136	28	0.0
137	28	0.0
138	28	0.0
139	28	0.0
140	28	4.5920000000000005
141	28	0.632
142	28	0.0
143	28	0.158
144	28	0.0
145	28	0.0
146	28	0.0
147	28	0.0
148	28	2.178
0	29	0.0
1	29	0.0
2	29	0.0
3	29	0.0
4	29	0.158
5	29	1.264
6	29	0.0
7	29	0.0
8	29	1.264
9	29	0.0
10	29	0.0
11	29	0.0
12	29	0.0
13	29	0.0
14	29	0.0
15	29	0.474
16	29	0.0
17	29	0.0
18	29	0.0
19	29	1.638
20	29	3.98
21	29	5.460000000000001
22	29	0.0
23	29	0.0
24	29	5.072
25	29	0.0
26	29	0.0
27	29	0.79
28	29	0.0
29	29	0.0
30	29	4.914000000000001
31	29	0.0
32	29	0.0
33	29	0.0
34	29	0.0
35	29	0.0
36	29	0.0
37	29	0.0
38	29	0.0
39	29	0.0
40	29	0.0
41	29	0.0
42	29	3.75
43	29	2.8880000000000003
44	29	2.342
45	29	0.0
46	29	2.5
47	29	0.0
48	29	0.0
49	29	0.0
50	29	0.0
51	29	0.0
52	29	0.0
53	29	0.0
54	29	0.0
55	29	0.0
56	29	0.0
57	29	0.158
58	29	0.0
59	29	0.0
60	29	0.0
61	29	0.0
62	29	0.0
63	29	0.0
64	29	0.0
65	29	0.0
66	29	0.0
67	29	1.7960000000000005
68	29	4.368
69	29	0.0
70	29	0.0
71	29	0.0
72	29	0.0
73	29	0.0
74	29	0.316
75	29	0.0
76	29	1.954
77	29	0.0
78	29	0.546
79	29	0.474
80	29	0.0
81	29	0.316
82	29	0.0
83	29	0.0
84	29	0.0
85	29	0.0
86	29	0.0
87	29	0.0
88	29	0.0
89	29	0.0
90	29	0.0
91	29	0.0
92	29	0.0
93	29	0.0
94	29	0.316
95	29	1.968
96	29	0.0
97	29	0.0
98	29	0.632
99	29	1.968
100	29	0.158
101	29	0.0
102	29	1.422
103	29	0.0
104	29	0.158
105	29	0.0
106	29	0.0
107	29	0.0
108	29	0.0
109	29	0.0
110	29	0.0
111	29	0.0
112	29	0.0
113	29	0.0
114	29	0.0
115	29	0.0
116	29	0.0
117	29	0.0
118	29	0.0
119	29	0.0
120	29	1.408
121	29	0.0
122	29	0.0
123	29	0.0
124	29	0.0
125	29	0.0
126	29	0.0
127	29	0.0
128	29	0.0
129	29	0.0
130	29	0.0
131	29	0.0
132	29	0.0
133	29	0.0
134	29	0.0
135	29	0.0
136	29	0.158
137	29	0.0
138	29	0.0
139	29	0.158
140	29	5.072
141	29	2.6580000000000004
142	29	0.0
143	29	1.638
144	29	0.0
145	29	0.546
146	29	0.158
147	29	3.822
148	29	4.526000000000001
0	30	0.0
1	30	0.0
2	30	0.0
3	30	0.0
4	30	0.0
5	30	0.0
6	30	0.0
7	30	0.0
8	30	0.0
9	30	0.0
10	30	0.0
11	30	0.0
12	30	0.0
13	30	0.0
14	30	0.0
15	30	0.0
16	30	0.0
17	30	0.0
18	30	0.0
19	30	0.158
20	30	1.408
21	30	1.954
22	30	0.0
23	30	0.0
24	30	2.7300000000000004
25	30	0.0
26	30	0.0
27	30	0.0
28	30	0.0
29	30	0.0
30	30	0.0
31	30	0.0
32	30	0.0
33	30	0.0
34	30	0.0
35	30	0.0
36	30	0.0
37	30	0.0
38	30	0.0
39	30	0.0
40	30	0.0
41	30	0.0
42	30	0.546
43	30	2.342
44	30	0.546
45	30	0.0
46	30	0.546
47	30	0.0
48	30	0.0
49	30	0.0
50	30	0.0
51	30	0.0
52	30	0.0
53	30	0.0
54	30	0.0
55	30	0.0
56	30	0.0
57	30	0.0
58	30	0.0
59	30	0.0
60	30	0.0
61	30	0.0
62	30	0.0
63	30	0.0
64	30	0.0
65	30	0.0
66	30	0.0
67	30	0.0
68	30	1.566
69	30	0.0
70	30	0.0
71	30	0.0
72	30	0.0
73	30	0.0
74	30	0.0
75	30	0.0
76	30	0.0
77	30	0.0
78	30	0.0
79	30	0.0
80	30	0.0
81	30	0.0
82	30	0.0
83	30	0.0
84	30	0.0
85	30	0.0
86	30	0.0
87	30	0.0
88	30	0.0
89	30	0.0
90	30	0.0
91	30	0.0
92	30	0.0
93	30	0.0
94	30	3.822
95	30	0.0
96	30	0.0
97	30	0.0
98	30	0.0
99	30	0.8620000000000001
100	30	1.954
101	30	0.0
102	30	0.474
103	30	0.0
104	30	0.0
105	30	0.0
106	30	0.0
107	30	0.0
108	30	0.0
109	30	0.0
110	30	0.0
111	30	0.0
112	30	0.0
113	30	0.0
114	30	0.0
115	30	0.0
116	30	0.0
117	30	0.0
118	30	0.0
119	30	0.0
120	30	0.0
121	30	0.0
122	30	0.0
123	30	0.0
124	30	0.0
125	30	0.0
126	30	0.0
127	30	0.0
128	30	0.0
129	30	0.0
130	30	0.0
131	30	0.0
132	30	0.0
133	30	0.0
134	30	0.0
135	30	0.0
136	30	0.0
137	30	0.0
138	30	0.0
139	30	0.8620000000000001
140	30	1.25
141	30	0.7040000000000001
142	30	1.638
143	30	0.0
144	30	0.0
145	30	1.02
146	30	0.0
147	30	1.408
148	30	0.7040000000000001
0	31	0.0
1	31	0.158
2	31	0.0
3	31	0.0
4	31	0.0
5	31	0.474
6	31	0.0
7	31	0.0
8	31	1.58
9	31	0.0
10	31	0.0
11	31	1.336
12	31	0.0
13	31	0.0
14	31	0.0
15	31	0.316
16	31	0.0
17	31	0.0
18	31	0.0
19	31	0.0
20	31	1.79
21	31	6.822
22	31	0.0
23	31	0.0
24	31	0.158
25	31	0.474
26	31	0.0
27	31	0.0
28	31	0.0
29	31	0.546
30	31	0.8620000000000001
31	31	0.0
32	31	0.0
33	31	0.0
34	31	0.0
35	31	0.0
36	31	0.0
37	31	0.0
38	31	0.0
39	31	0.0
40	31	0.0
41	31	0.0
42	31	0.158
43	31	4.888
44	31	4.316
45	31	0.0
46	31	1.336
47	31	0.0
48	31	0.0
49	31	0.0
50	31	0.7040000000000001
51	31	1.316
52	31	0.948
53	31	0.0
54	31	0.316
55	31	1.422
56	31	0.158
57	31	0.0
58	31	0.0
59	31	0.0
60	31	0.0
61	31	0.0
62	31	0.0
63	31	0.0
64	31	0.0
65	31	0.0
66	31	0.0
67	31	0.632
68	31	5.276
69	31	0.0
70	31	0.0
71	31	0.0
72	31	0.0
73	31	0.0
74	31	0.0
75	31	0.0
76	31	0.0
77	31	0.0
78	31	0.0
79	31	0.0
80	31	0.0
81	31	0.0
82	31	0.0
83	31	0.0
84	31	0.0
85	31	0.0
86	31	0.0
87	31	0.0
88	31	0.0
89	31	0.0
90	31	0.0
91	31	0.0
92	31	0.0
93	31	1.264
94	31	0.632
95	31	0.0
96	31	0.0
97	31	0.158
98	31	0.158
99	31	0.158
100	31	0.0
101	31	0.0
102	31	1.178
103	31	0.0
104	31	0.158
105	31	0.0
106	31	0.0
107	31	0.0
108	31	0.0
109	31	0.0
110	31	0.158
111	31	0.0
112	31	0.0
113	31	0.316
114	31	0.0
115	31	0.0
116	31	0.0
117	31	0.0
118	31	0.0
119	31	0.0
120	31	1.0
121	31	0.0
122	31	0.0
123	31	0.0
124	31	0.0
125	31	0.0
126	31	0.0
127	31	0.0
128	31	0.0
129	31	0.0
130	31	0.0
131	31	0.0
132	31	0.0
133	31	0.0
134	31	0.0
135	31	0.0
136	31	0.0
137	31	0.0
138	31	0.0
139	31	0.0
140	31	0.0
141	31	1.79
142	31	0.0
143	31	0.0
144	31	0.0
145	31	1.79
146	31	0.0
147	31	0.632
148	31	6.046
0	32	0.0
1	32	0.0
2	32	0.0
3	32	0.0
4	32	0.0
5	32	0.0
6	32	0.0
7	32	0.0
8	32	0.0
9	32	0.0
10	32	0.0
11	32	0.0
12	32	0.0
13	32	0.0
14	32	0.0
15	32	0.0
16	32	0.0
17	32	0.0
18	32	0.0
19	32	10.0
20	32	10.0
21	32	6.046
22	32	0.0
23	32	0.0
24	32	1.566
25	32	0.0
26	32	1.494
27	32	0.0
28	32	0.0
29	32	0.0
30	32	0.0
31	32	0.0
32	32	0.0
33	32	0.0
34	32	0.0
35	32	0.0
36	32	0.0
37	32	0.0
38	32	0.0
39	32	0.0
40	32	0.0
41	32	0.0
42	32	3.434
43	32	4.796
44	32	1.862
45	32	0.0
46	32	0.0
47	32	0.0
48	32	0.0
49	32	0.0
50	32	0.0
51	32	0.0
52	32	0.0
53	32	0.0
54	32	0.0
55	32	0.0
56	32	0.0
57	32	0.0
58	32	0.0
59	32	0.0
60	32	0.0
61	32	0.0
62	32	0.0
63	32	0.0
64	32	0.0
65	32	0.0
66	32	0.0
67	32	0.316
68	32	0.0
69	32	0.0
70	32	0.0
71	32	0.0
72	32	0.0
73	32	0.0
74	32	0.0
75	32	0.0
76	32	0.0
77	32	0.0
78	32	0.0
79	32	0.0
80	32	0.0
81	32	0.0
82	32	0.0
83	32	0.0
84	32	0.0
85	32	4.704
86	32	0.0
87	32	0.0
88	32	0.0
89	32	0.0
90	32	0.0
91	32	0.0
92	32	4.316
93	32	0.0
94	32	1.7040000000000002
95	32	0.0
96	32	0.0
97	32	0.0
98	32	1.178
99	32	0.474
100	32	1.106
101	32	0.0
102	32	1.81
103	32	0.0
104	32	0.0
105	32	0.0
106	32	0.0
107	32	0.0
108	32	0.0
109	32	0.0
110	32	0.0
111	32	0.0
112	32	0.0
113	32	0.0
114	32	0.0
115	32	0.0
116	32	0.0
117	32	0.0
118	32	0.158
119	32	0.0
120	32	0.0
121	32	0.0
122	32	0.0
123	32	0.0
124	32	0.0
125	32	0.0
126	32	0.0
127	32	0.0
128	32	0.0
129	32	0.0
130	32	0.0
131	32	0.0
132	32	0.0
133	32	0.0
134	32	0.0
135	32	0.0
136	32	0.0
137	32	0.0
138	32	0.0
139	32	8.0
140	32	3.98
141	32	10.0
142	32	0.0
143	32	1.0
144	32	0.0
145	32	1.0
146	32	0.0
147	32	10.0
148	32	5.138
0	33	0.0
1	33	0.0
2	33	0.0
3	33	0.0
4	33	0.0
5	33	0.0
6	33	0.0
7	33	0.0
8	33	0.158
9	33	0.0
10	33	0.0
11	33	0.0
12	33	0.0
13	33	0.0
14	33	0.0
15	33	0.0
16	33	0.0
17	33	0.0
18	33	0.0
19	33	1.4940000000000002
20	33	3.816
21	33	6.822
22	33	0.0
23	33	0.158
24	33	3.132
25	33	3.434
26	33	3.908
27	33	1.25
28	33	0.0
29	33	3.4280000000000004
30	33	5.112
31	33	0.0
32	33	0.316
33	33	0.0
34	33	0.158
35	33	0.0
36	33	0.0
37	33	0.0
38	33	0.0
39	33	0.0
40	33	0.0
41	33	0.0
42	33	0.158
43	33	6.184
44	33	3.25
45	33	0.0
46	33	0.0
47	33	0.0
48	33	0.0
49	33	0.0
50	33	0.0
51	33	0.0
52	33	0.0
53	33	0.0
54	33	0.0
55	33	0.0
56	33	0.0
57	33	0.0
58	33	0.0
59	33	0.0
60	33	0.0
61	33	0.0
62	33	0.0
63	33	0.0
64	33	0.0
65	33	0.0
66	33	0.0
67	33	0.0
68	33	5.73
69	33	0.0
70	33	0.0
71	33	0.0
72	33	0.0
73	33	0.0
74	33	0.158
75	33	0.0
76	33	0.0
77	33	0.0
78	33	0.0
79	33	0.158
80	33	0.0
81	33	0.0
82	33	0.0
83	33	0.158
84	33	0.0
85	33	3.178
86	33	1.264
87	33	0.0
88	33	0.0
89	33	0.0
90	33	0.0
91	33	0.0
92	33	0.8620000000000001
93	33	0.0
94	33	1.7240000000000002
95	33	0.7040000000000001
96	33	0.0
97	33	0.0
98	33	0.0
99	33	1.494
100	33	1.81
101	33	0.0
102	33	3.908
103	33	0.0
104	33	0.0
105	33	0.0
106	33	0.0
107	33	0.0
108	33	0.0
109	33	0.0
110	33	0.0
111	33	0.0
112	33	0.0
113	33	0.0
114	33	0.546
115	33	1.25
116	33	0.546
117	33	0.546
118	33	1.25
119	33	0.0
120	33	2.494
121	33	0.0
122	33	0.0
123	33	0.158
124	33	0.0
125	33	0.0
126	33	0.0
127	33	0.0
128	33	0.0
129	33	0.0
130	33	0.0
131	33	0.0
132	33	0.0
133	33	0.158
134	33	0.0
135	33	0.0
136	33	0.0
137	33	0.0
138	33	0.0
139	33	0.0
140	33	0.0
141	33	4.882
142	33	0.158
143	33	0.0
144	33	0.0
145	33	3.974
146	33	0.0
147	33	4.494
148	33	8.184000000000001
0	34	0.0
1	34	0.0
2	34	0.0
3	34	0.0
4	34	0.0
5	34	0.0
6	34	0.0
7	34	0.0
8	34	0.158
9	34	0.0
10	34	0.0
11	34	0.0
12	34	0.0
13	34	0.0
14	34	0.0
15	34	0.0
16	34	0.0
17	34	0.0
18	34	0.0
19	34	0.0
20	34	2.342
21	34	4.336
22	34	0.0
23	34	0.0
24	34	1.336
25	34	0.0
26	34	0.316
27	34	0.0
28	34	0.0
29	34	0.0
30	34	2.02
31	34	0.0
32	34	0.0
33	34	0.0
34	34	0.0
35	34	0.0
36	34	0.0
37	34	0.0
38	34	0.0
39	34	0.0
40	34	0.0
41	34	0.0
42	34	0.79
43	34	4.112
44	34	1.7960000000000005
45	34	0.0
46	34	3.092
47	34	0.474
48	34	0.0
49	34	0.0
50	34	1.566
51	34	0.158
52	34	0.0
53	34	0.474
54	34	0.474
55	34	0.0
56	34	0.158
57	34	0.546
58	34	0.0
59	34	0.0
60	34	0.0
61	34	0.0
62	34	0.0
63	34	0.0
64	34	0.0
65	34	0.0
66	34	0.0
67	34	0.158
68	34	3.178
69	34	0.0
70	34	0.0
71	34	0.0
72	34	0.0
73	34	0.0
74	34	0.0
75	34	0.0
76	34	0.0
77	34	0.0
78	34	0.0
79	34	0.0
80	34	0.0
81	34	0.0
82	34	0.0
83	34	0.0
84	34	0.0
85	34	0.0
86	34	0.0
87	34	0.0
88	34	0.0
89	34	0.0
90	34	0.0
91	34	0.0
92	34	0.0
93	34	0.0
94	34	0.0
95	34	0.0
96	34	0.0
97	34	0.474
98	34	0.0
99	34	1.158
100	34	0.0
101	34	0.0
102	34	0.316
103	34	0.0
104	34	0.0
105	34	0.0
106	34	0.0
107	34	0.0
108	34	0.0
109	34	0.0
110	34	0.0
111	34	0.0
112	34	0.0
113	34	0.632
114	34	0.0
115	34	0.0
116	34	0.0
117	34	0.0
118	34	0.0
119	34	0.0
120	34	0.158
121	34	0.0
122	34	0.0
123	34	0.0
124	34	0.0
125	34	0.0
126	34	0.0
127	34	0.0
128	34	0.0
129	34	0.0
130	34	0.0
131	34	0.0
132	34	0.0
133	34	0.0
134	34	0.0
135	34	0.0
136	34	0.0
137	34	0.0
138	34	0.0
139	34	0.0
140	34	0.0
141	34	3.658
142	34	0.0
143	34	0.0
144	34	0.0
145	34	2.5
146	34	0.0
147	34	2.27
148	34	4.704
0	35	0.0
1	35	0.0
2	35	0.0
3	35	0.0
4	35	0.0
5	35	0.0
6	35	0.0
7	35	0.0
8	35	0.0
9	35	0.0
10	35	0.0
11	35	0.0
12	35	0.0
13	35	0.0
14	35	0.0
15	35	0.0
16	35	0.0
17	35	0.0
18	35	0.0
19	35	0.0
20	35	0.0
21	35	1.25
22	35	0.0
23	35	0.0
24	35	1.25
25	35	0.0
26	35	0.0
27	35	0.0
28	35	0.0
29	35	0.0
30	35	0.546
31	35	0.0
32	35	0.0
33	35	0.0
34	35	0.0
35	35	0.0
36	35	0.0
37	35	0.0
38	35	0.0
39	35	0.0
40	35	0.0
41	35	0.0
42	35	1.092
43	35	1.954
44	35	0.0
45	35	0.0
46	35	0.546
47	35	0.0
48	35	0.0
49	35	0.0
50	35	0.0
51	35	0.0
52	35	0.0
53	35	0.0
54	35	0.0
55	35	0.0
56	35	0.0
57	35	0.0
58	35	0.0
59	35	0.0
60	35	0.0
61	35	0.0
62	35	0.0
63	35	0.0
64	35	0.0
65	35	0.0
66	35	0.0
67	35	0.0
68	35	0.7040000000000001
69	35	0.0
70	35	0.0
71	35	0.0
72	35	0.0
73	35	0.0
74	35	0.0
75	35	0.0
76	35	0.0
77	35	0.0
78	35	0.0
79	35	0.0
80	35	0.0
81	35	0.0
82	35	0.0
83	35	0.0
84	35	0.0
85	35	0.7040000000000001
86	35	0.546
87	35	0.0
88	35	0.0
89	35	0.0
90	35	0.0
91	35	0.0
92	35	0.7040000000000001
93	35	0.0
94	35	0.158
95	35	0.0
96	35	0.0
97	35	0.0
98	35	0.0
99	35	0.0
100	35	1.092
101	35	0.0
102	35	0.0
103	35	0.0
104	35	0.0
105	35	0.0
106	35	0.0
107	35	0.0
108	35	0.0
109	35	0.0
110	35	0.0
111	35	0.0
112	35	0.0
113	35	0.0
114	35	0.0
115	35	0.0
116	35	0.0
117	35	0.0
118	35	0.0
119	35	0.0
120	35	0.0
121	35	0.0
122	35	0.0
123	35	0.0
124	35	0.0
125	35	0.0
126	35	0.0
127	35	0.0
128	35	0.0
129	35	0.0
130	35	0.0
131	35	0.0
132	35	0.0
133	35	0.0
134	35	0.0
135	35	0.546
136	35	0.0
137	35	0.0
138	35	0.0
139	35	0.0
140	35	2.342
141	35	0.0
142	35	0.0
143	35	0.0
144	35	0.546
145	35	0.0
146	35	0.0
147	35	0.0
148	35	0.546
0	36	0.0
1	36	0.0
2	36	0.0
3	36	0.0
4	36	0.474
5	36	0.0
6	36	0.0
7	36	0.0
8	36	0.158
9	36	0.0
10	36	0.0
11	36	0.316
12	36	0.0
13	36	0.0
14	36	0.0
15	36	0.158
16	36	0.0
17	36	0.0
18	36	0.0
19	36	0.0
20	36	2.744
21	36	5.566
22	36	0.0
23	36	0.0
24	36	6.3420000000000005
25	36	1.336
26	36	2.112
27	36	0.316
28	36	0.0
29	36	0.0
30	36	4.632
31	36	0.0
32	36	0.0
33	36	0.0
34	36	0.0
35	36	0.0
36	36	0.0
37	36	0.0
38	36	0.0
39	36	0.0
40	36	0.0
41	36	0.0
42	36	0.8620000000000001
43	36	2.632
44	36	2.5460000000000003
45	36	0.0
46	36	0.0
47	36	0.0
48	36	0.0
49	36	0.0
50	36	0.0
51	36	0.0
52	36	0.0
53	36	0.0
54	36	0.0
55	36	0.0
56	36	0.0
57	36	0.0
58	36	0.0
59	36	0.0
60	36	0.0
61	36	0.0
62	36	0.0
63	36	0.0
64	36	0.0
65	36	0.0
66	36	0.0
67	36	0.158
68	36	4.704
69	36	0.0
70	36	0.0
71	36	0.0
72	36	0.0
73	36	0.0
74	36	0.0
75	36	0.0
76	36	0.0
77	36	0.158
78	36	0.0
79	36	0.546
80	36	0.0
81	36	0.0
82	36	0.0
83	36	0.0
84	36	0.0
85	36	0.0
86	36	0.0
87	36	0.0
88	36	0.0
89	36	0.0
90	36	0.0
91	36	0.0
92	36	0.0
93	36	0.0
94	36	0.0
95	36	0.474
96	36	0.0
97	36	0.0
98	36	0.0
99	36	0.7040000000000001
100	36	0.474
101	36	0.0
102	36	1.02
103	36	0.0
104	36	0.316
105	36	0.0
106	36	0.0
107	36	0.0
108	36	0.0
109	36	0.0
110	36	0.632
111	36	0.0
112	36	0.0
113	36	0.79
114	36	0.158
115	36	1.25
116	36	0.0
117	36	0.0
118	36	1.1780000000000002
119	36	0.0
120	36	2.316
121	36	0.0
122	36	0.0
123	36	0.0
124	36	0.0
125	36	0.0
126	36	0.0
127	36	0.0
128	36	0.0
129	36	0.0
130	36	0.0
131	36	0.0
132	36	0.0
133	36	0.0
134	36	0.0
135	36	0.0
136	36	0.0
137	36	0.0
138	36	0.0
139	36	0.0
140	36	7.0
141	36	2.6580000000000004
142	36	0.0
143	36	0.0
144	36	0.0
145	36	1.25
146	36	0.0
147	36	0.0
148	36	4.158
0	37	0.0
1	37	0.0
2	37	0.0
3	37	0.0
4	37	0.0
5	37	0.0
6	37	0.0
7	37	0.0
8	37	0.0
9	37	0.0
10	37	0.0
11	37	0.0
12	37	0.0
13	37	0.0
14	37	0.0
15	37	0.0
16	37	0.0
17	37	0.0
18	37	0.0
19	37	4.296
20	37	4.914000000000001
21	37	5.368
22	37	0.0
23	37	0.0
24	37	1.724
25	37	0.0
26	37	0.0
27	37	0.0
28	37	0.0
29	37	0.158
30	37	0.316
31	37	0.0
32	37	0.0
33	37	0.0
34	37	0.0
35	37	0.0
36	37	0.0
37	37	0.0
38	37	0.0
39	37	0.0
40	37	0.0
41	37	0.0
42	37	5.526
43	37	4.046
44	37	3.75
45	37	0.0
46	37	3.434
47	37	0.0
48	37	0.0
49	37	0.0
50	37	0.158
51	37	0.7040000000000001
52	37	0.0
53	37	3.204
54	37	2.8880000000000003
55	37	0.0
56	37	0.632
57	37	3.0460000000000003
58	37	0.0
59	37	0.0
60	37	0.0
61	37	0.0
62	37	0.0
63	37	0.0
64	37	0.0
65	37	0.0
66	37	3.434
67	37	0.0
68	37	3.658
69	37	0.0
70	37	0.0
71	37	0.0
72	37	0.0
73	37	0.0
74	37	1.092
75	37	0.0
76	37	1.7960000000000005
77	37	0.0
78	37	0.0
79	37	0.158
80	37	0.0
81	37	0.474
82	37	1.092
83	37	0.0
84	37	0.0
85	37	1.954
86	37	0.316
87	37	0.0
88	37	0.0
89	37	0.0
90	37	0.0
91	37	0.0
92	37	0.0
93	37	0.0
94	37	2.112
95	37	0.7040000000000001
96	37	0.158
97	37	0.316
98	37	0.158
99	37	0.0
100	37	1.25
101	37	0.0
102	37	4.914000000000001
103	37	0.0
104	37	0.0
105	37	3.5200000000000005
106	37	1.494
107	37	1.336
108	37	4.526000000000001
109	37	4.138
110	37	0.0
111	37	0.0
112	37	0.0
113	37	0.0
114	37	0.0
115	37	0.0
116	37	0.0
117	37	0.0
118	37	0.0
119	37	0.0
120	37	0.8620000000000001
121	37	0.0
122	37	0.0
123	37	0.0
124	37	0.0
125	37	0.0
126	37	0.0
127	37	0.0
128	37	0.0
129	37	0.0
130	37	0.0
131	37	0.0
132	37	0.0
133	37	0.0
134	37	0.0
135	37	0.158
136	37	0.316
137	37	0.0
138	37	0.0
139	37	0.0
140	37	5.434
141	37	5.072
142	37	2.04
143	37	3.75
144	37	0.0
145	37	3.75
146	37	3.362
147	37	4.368
148	37	5.822
0	38	0.0
1	38	0.0
2	38	0.0
3	38	0.0
4	38	0.0
5	38	0.0
6	38	0.0
7	38	0.0
8	38	0.0
9	38	0.0
10	38	0.0
11	38	0.0
12	38	0.0
13	38	0.0
14	38	0.0
15	38	0.0
16	38	0.0
17	38	0.158
18	38	0.0
19	38	5.460000000000001
20	38	7.73
21	38	5.072
22	38	0.0
23	38	0.0
24	38	2.7960000000000003
25	38	0.0
26	38	0.0
27	38	0.0
28	38	0.0
29	38	0.0
30	38	0.546
31	38	0.0
32	38	0.0
33	38	0.0
34	38	0.0
35	38	0.0
36	38	0.0
37	38	0.0
38	38	0.0
39	38	0.0
40	38	0.0
41	38	0.0
42	38	0.158
43	38	5.822
44	38	0.546
45	38	0.0
46	38	2.112
47	38	0.0
48	38	0.0
49	38	0.0
50	38	0.0
51	38	0.0
52	38	0.0
53	38	0.0
54	38	0.0
55	38	0.0
56	38	0.0
57	38	0.0
58	38	0.0
59	38	0.0
60	38	0.0
61	38	0.0
62	38	0.0
63	38	0.0
64	38	0.0
65	38	0.0
66	38	0.0
67	38	0.0
68	38	3.822
69	38	0.0
70	38	0.0
71	38	0.0
72	38	0.0
73	38	0.0
74	38	0.546
75	38	0.0
76	38	0.0
77	38	0.0
78	38	0.0
79	38	0.0
80	38	0.0
81	38	0.0
82	38	0.0
83	38	0.0
84	38	0.0
85	38	0.316
86	38	0.0
87	38	0.0
88	38	0.0
89	38	0.0
90	38	0.0
91	38	0.0
92	38	0.0
93	38	0.0
94	38	0.0
95	38	0.546
96	38	0.0
97	38	0.0
98	38	0.0
99	38	2.184
100	38	0.316
101	38	0.0
102	38	1.02
103	38	0.0
104	38	0.0
105	38	0.0
106	38	0.0
107	38	0.0
108	38	0.0
109	38	0.0
110	38	0.0
111	38	0.0
112	38	0.0
113	38	0.0
114	38	0.0
115	38	0.0
116	38	0.0
117	38	0.0
118	38	0.0
119	38	0.0
120	38	0.546
121	38	0.0
122	38	0.0
123	38	0.0
124	38	0.0
125	38	0.0
126	38	0.0
127	38	0.0
128	38	0.0
129	38	0.0
130	38	0.0
131	38	0.0
132	38	0.0
133	38	0.0
134	38	0.0
135	38	0.0
136	38	0.0
137	38	0.0
138	38	0.0
139	38	0.0
140	38	0.0
141	38	5.526000000000001
142	38	1.638
143	38	2.7300000000000004
144	38	0.0
145	38	0.0
146	38	1.25
147	38	5.072
148	38	3.092
0	39	0.0
1	39	0.0
2	39	0.0
3	39	0.0
4	39	0.0
5	39	0.0
6	39	0.0
7	39	0.0
8	39	0.0
9	39	0.0
10	39	0.0
11	39	0.0
12	39	0.0
13	39	0.0
14	39	0.0
15	39	0.0
16	39	0.0
17	39	0.0
18	39	0.0
19	39	0.0
20	39	1.02
21	39	2.5860000000000003
22	39	0.0
23	39	0.0
24	39	3.276
25	39	0.0
26	39	0.0
27	39	0.0
28	39	0.0
29	39	0.0
30	39	0.158
31	39	0.0
32	39	0.0
33	39	0.0
34	39	0.0
35	39	0.0
36	39	0.0
37	39	0.0
38	39	0.0
39	39	0.0
40	39	0.0
41	39	0.0
42	39	1.336
43	39	2.974
44	39	1.092
45	39	0.0
46	39	0.0
47	39	0.0
48	39	0.0
49	39	0.0
50	39	0.158
51	39	0.474
52	39	0.0
53	39	0.158
54	39	0.0
55	39	0.0
56	39	0.158
57	39	0.316
58	39	0.0
59	39	0.0
60	39	0.0
61	39	0.0
62	39	0.0
63	39	0.0
64	39	0.0
65	39	0.0
66	39	0.0
67	39	0.0
68	39	3.434
69	39	0.0
70	39	0.0
71	39	0.0
72	39	0.0
73	39	0.0
74	39	0.0
75	39	0.0
76	39	0.0
77	39	0.0
78	39	0.0
79	39	0.0
80	39	0.0
81	39	0.0
82	39	0.0
83	39	0.0
84	39	0.0
85	39	0.0
86	39	0.0
87	39	0.0
88	39	0.0
89	39	0.0
90	39	0.0
91	39	0.0
92	39	0.0
93	39	0.0
94	39	0.0
95	39	0.0
96	39	0.0
97	39	0.0
98	39	0.546
99	39	0.158
100	39	0.0
101	39	0.0
102	39	0.316
103	39	0.0
104	39	0.0
105	39	0.0
106	39	0.0
107	39	0.0
108	39	0.0
109	39	0.0
110	39	0.0
111	39	0.0
112	39	0.0
113	39	0.0
114	39	0.0
115	39	0.0
116	39	0.0
117	39	0.0
118	39	0.0
119	39	0.0
120	39	0.0
121	39	0.0
122	39	0.0
123	39	0.0
124	39	0.0
125	39	0.0
126	39	0.0
127	39	0.0
128	39	0.0
129	39	0.0
130	39	0.0
131	39	0.0
132	39	0.0
133	39	0.0
134	39	0.0
135	39	0.0
136	39	0.0
137	39	0.0
138	39	0.0
139	39	0.0
140	39	0.0
141	39	1.178
142	39	0.0
143	39	0.0
144	39	0.0
145	39	0.948
146	39	0.0
147	39	0.158
148	39	3.98
0	40	0.0
1	40	0.0
2	40	0.0
3	40	0.0
4	40	0.316
5	40	0.316
6	40	0.0
7	40	0.158
8	40	0.0
9	40	0.0
10	40	0.0
11	40	0.158
12	40	0.0
13	40	0.0
14	40	0.0
15	40	0.0
16	40	0.0
17	40	0.0
18	40	0.0
19	40	0.7040000000000001
20	40	4.296
21	40	7.276
22	40	0.0
23	40	0.0
24	40	1.408
25	40	0.8620000000000001
26	40	1.81
27	40	0.474
28	40	0.0
29	40	1.882
30	40	4.3420000000000005
31	40	0.0
32	40	0.0
33	40	0.0
34	40	0.0
35	40	0.0
36	40	0.0
37	40	0.0
38	40	0.0
39	40	0.0
40	40	0.0
41	40	0.0
42	40	2.566
43	40	5.3420000000000005
44	40	3.5
45	40	0.0
46	40	4.954
47	40	0.0
48	40	0.0
49	40	0.0
50	40	0.0
51	40	0.0
52	40	0.0
53	40	0.0
54	40	0.0
55	40	0.0
56	40	0.0
57	40	0.0
58	40	0.0
59	40	0.0
60	40	0.0
61	40	0.0
62	40	0.0
63	40	0.0
64	40	0.0
65	40	0.0
66	40	0.0
67	40	1.882
68	40	6.184
69	40	0.0
70	40	0.0
71	40	0.474
72	40	0.0
73	40	0.0
74	40	1.092
75	40	0.0
76	40	0.158
77	40	0.316
78	40	0.0
79	40	0.316
80	40	0.0
81	40	0.0
82	40	0.0
83	40	0.0
84	40	0.0
85	40	0.0
86	40	0.0
87	40	0.0
88	40	0.0
89	40	0.0
90	40	0.0
91	40	0.0
92	40	0.0
93	40	1.58
94	40	0.158
95	40	0.0
96	40	0.0
97	40	0.0
98	40	0.8620000000000001
99	40	0.474
100	40	0.948
101	40	0.0
102	40	5.98
103	40	0.0
104	40	1.408
105	40	0.0
106	40	0.0
107	40	0.0
108	40	0.0
109	40	0.0
110	40	0.474
111	40	0.0
112	40	0.0
113	40	0.948
114	40	0.0
115	40	0.316
116	40	0.0
117	40	0.0
118	40	0.158
119	40	0.0
120	40	1.02
121	40	0.0
122	40	0.0
123	40	0.0
124	40	0.0
125	40	0.0
126	40	0.0
127	40	0.0
128	40	0.0
129	40	0.0
130	40	0.0
131	40	0.0
132	40	0.0
133	40	0.0
134	40	0.0
135	40	0.0
136	40	0.0
137	40	0.0
138	40	0.0
139	40	0.0
140	40	6.822
141	40	5.5920000000000005
142	40	0.0
143	40	0.0
144	40	0.0
145	40	0.0
146	40	0.0
147	40	3.132
148	40	7.73
0	41	0.0
1	41	0.0
2	41	0.0
3	41	0.0
4	41	0.0
5	41	0.0
6	41	0.0
7	41	0.0
8	41	0.0
9	41	0.0
10	41	0.0
11	41	0.0
12	41	0.0
13	41	0.0
14	41	0.0
15	41	0.0
16	41	0.0
17	41	0.0
18	41	0.0
19	41	0.0
20	41	1.178
21	41	2.882
22	41	0.0
23	41	0.0
24	41	0.0
25	41	0.0
26	41	0.0
27	41	0.0
28	41	0.0
29	41	0.0
30	41	0.158
31	41	0.0
32	41	0.0
33	41	0.0
34	41	0.0
35	41	0.0
36	41	0.0
37	41	0.0
38	41	0.0
39	41	0.0
40	41	0.0
41	41	0.0
42	41	1.25
43	41	3.566
44	41	0.0
45	41	0.0
46	41	0.7040000000000001
47	41	0.0
48	41	0.0
49	41	0.0
50	41	0.0
51	41	0.0
52	41	0.0
53	41	0.0
54	41	0.0
55	41	0.0
56	41	0.0
57	41	0.0
58	41	0.0
59	41	0.0
60	41	0.0
61	41	0.0
62	41	0.0
63	41	0.0
64	41	0.0
65	41	0.0
66	41	0.0
67	41	0.0
68	41	0.0
69	41	0.0
70	41	0.0
71	41	0.0
72	41	0.0
73	41	0.0
74	41	0.0
75	41	0.0
76	41	0.0
77	41	0.0
78	41	0.0
79	41	0.0
80	41	0.0
81	41	0.0
82	41	0.0
83	41	0.0
84	41	0.0
85	41	0.0
86	41	0.0
87	41	0.0
88	41	0.0
89	41	0.0
90	41	0.0
91	41	0.0
92	41	0.0
93	41	0.0
94	41	0.8620000000000001
95	41	0.0
96	41	0.0
97	41	0.0
98	41	0.158
99	41	0.474
100	41	0.0
101	41	0.0
102	41	0.632
103	41	0.0
104	41	0.0
105	41	0.0
106	41	0.0
107	41	0.0
108	41	0.0
109	41	0.0
110	41	0.0
111	41	0.0
112	41	0.0
113	41	0.0
114	41	0.0
115	41	0.0
116	41	0.0
117	41	0.0
118	41	0.0
119	41	0.0
120	41	0.316
121	41	0.0
122	41	0.0
123	41	0.0
124	41	0.0
125	41	0.0
126	41	0.0
127	41	0.0
128	41	0.0
129	41	0.0
130	41	0.0
131	41	0.0
132	41	0.0
133	41	0.0
134	41	0.0
135	41	0.0
136	41	0.0
137	41	0.0
138	41	0.0
139	41	0.0
140	41	3.178
141	41	1.02
142	41	0.0
143	41	0.0
144	41	0.0
145	41	1.178
146	41	0.0
147	41	0.316
148	41	3.4280000000000004
0	42	0.0
1	42	0.0
2	42	0.0
3	42	0.0
4	42	0.546
5	42	0.0
6	42	0.0
7	42	0.0
8	42	0.0
9	42	0.0
10	42	0.0
11	42	0.158
12	42	0.0
13	42	0.0
14	42	0.0
15	42	0.0
16	42	0.0
17	42	0.0
18	42	0.0
19	42	0.0
20	42	1.02
21	42	1.408
22	42	0.0
23	42	0.0
24	42	0.0
25	42	0.316
26	42	0.474
27	42	0.158
28	42	0.0
29	42	0.0
30	42	0.546
31	42	0.0
32	42	0.0
33	42	0.0
34	42	0.0
35	42	0.0
36	42	0.0
37	42	0.0
38	42	0.0
39	42	0.0
40	42	0.0
41	42	0.0
42	42	0.0
43	42	0.316
44	42	0.546
45	42	0.0
46	42	0.0
47	42	0.0
48	42	0.0
49	42	0.0
50	42	0.0
51	42	0.0
52	42	0.0
53	42	0.0
54	42	0.0
55	42	0.0
56	42	0.0
57	42	0.0
58	42	0.0
59	42	0.0
60	42	0.0
61	42	0.0
62	42	0.0
63	42	0.0
64	42	0.0
65	42	0.0
66	42	0.0
67	42	0.7040000000000001
68	42	0.0
69	42	0.0
70	42	0.0
71	42	0.546
72	42	0.0
73	42	0.0
74	42	0.316
75	42	0.0
76	42	0.0
77	42	0.0
78	42	0.0
79	42	0.158
80	42	0.0
81	42	0.0
82	42	0.158
83	42	0.0
84	42	0.0
85	42	0.0
86	42	0.0
87	42	0.0
88	42	0.0
89	42	0.0
90	42	0.0
91	42	0.0
92	42	0.0
93	42	0.0
94	42	0.0
95	42	0.0
96	42	0.0
97	42	0.0
98	42	0.0
99	42	0.0
100	42	0.0
101	42	0.0
102	42	0.546
103	42	0.0
104	42	0.0
105	42	0.0
106	42	0.0
107	42	0.0
108	42	0.0
109	42	0.0
110	42	0.316
111	42	0.0
112	42	0.0
113	42	0.0
114	42	0.0
115	42	0.7040000000000001
116	42	0.0
117	42	0.0
118	42	0.316
119	42	0.0
120	42	0.0
121	42	0.0
122	42	0.0
123	42	0.0
124	42	0.0
125	42	0.0
126	42	0.0
127	42	0.0
128	42	0.0
129	42	0.0
130	42	0.0
131	42	0.0
132	42	0.158
133	42	0.0
134	42	0.0
135	42	0.0
136	42	0.0
137	42	0.0
138	42	0.0
139	42	0.158
140	42	0.546
141	42	0.79
142	42	0.0
143	42	0.0
144	42	0.0
145	42	0.0
146	42	0.158
147	42	0.316
148	42	1.408
0	43	0.0
1	43	0.0
2	43	0.0
3	43	0.0
4	43	0.0
5	43	0.0
6	43	0.0
7	43	0.0
8	43	0.158
9	43	0.0
10	43	0.0
11	43	0.0
12	43	0.158
13	43	0.0
14	43	0.0
15	43	0.0
16	43	0.0
17	43	0.0
18	43	0.0
19	43	0.158
20	43	4.046
21	43	4.368
22	43	0.0
23	43	0.0
24	43	0.0
25	43	0.0
26	43	0.632
27	43	0.0
28	43	0.0
29	43	0.0
30	43	0.0
31	43	0.0
32	43	0.0
33	43	0.0
34	43	0.0
35	43	0.0
36	43	0.0
37	43	0.0
38	43	0.0
39	43	0.0
40	43	0.0
41	43	0.0
42	43	0.7040000000000001
43	43	4.684
44	43	0.8620000000000001
45	43	0.0
46	43	0.8620000000000001
47	43	0.0
48	43	0.0
49	43	0.0
50	43	0.0
51	43	0.0
52	43	0.0
53	43	0.0
54	43	0.7040000000000001
55	43	0.0
56	43	0.0
57	43	0.7040000000000001
58	43	0.0
59	43	0.0
60	43	0.0
61	43	0.0
62	43	0.0
63	43	0.0
64	43	0.0
65	43	0.0
66	43	0.158
67	43	0.0
68	43	4.276
69	43	0.0
70	43	0.0
71	43	0.0
72	43	0.0
73	43	0.0
74	43	0.0
75	43	0.0
76	43	0.158
77	43	0.0
78	43	0.0
79	43	0.0
80	43	0.0
81	43	0.0
82	43	0.0
83	43	0.0
84	43	0.0
85	43	0.0
86	43	0.158
87	43	0.158
88	43	0.0
89	43	0.0
90	43	0.0
91	43	0.0
92	43	0.0
93	43	0.0
94	43	1.25
95	43	0.0
96	43	0.0
97	43	0.0
98	43	0.0
99	43	0.474
100	43	0.474
101	43	0.0
102	43	1.178
103	43	0.0
104	43	0.158
105	43	0.0
106	43	0.0
107	43	0.0
108	43	0.0
109	43	0.0
110	43	0.0
111	43	0.0
112	43	0.0
113	43	1.652
114	43	0.0
115	43	0.0
116	43	0.0
117	43	0.158
118	43	1.02
119	43	0.0
120	43	0.474
121	43	0.0
122	43	0.0
123	43	0.0
124	43	0.0
125	43	0.0
126	43	0.0
127	43	0.0
128	43	0.0
129	43	0.0
130	43	0.0
131	43	0.0
132	43	0.0
133	43	0.0
134	43	0.0
135	43	0.0
136	43	0.0
137	43	0.0
138	43	0.0
139	43	0.7040000000000001
140	43	4.138
141	43	1.954
142	43	0.0
143	43	0.0
144	43	0.0
145	43	0.0
146	43	0.0
147	43	4.5
148	43	3.98
0	44	0.0
1	44	0.0
2	44	0.0
3	44	0.0
4	44	0.0
5	44	0.0
6	44	0.0
7	44	0.0
8	44	0.0
9	44	0.0
10	44	0.0
11	44	0.0
12	44	0.0
13	44	0.0
14	44	0.0
15	44	0.0
16	44	0.0
17	44	0.0
18	44	0.0
19	44	0.0
20	44	3.954
21	44	2.632
22	44	0.0
23	44	0.0
24	44	0.0
25	44	0.0
26	44	0.0
27	44	0.0
28	44	0.0
29	44	0.0
30	44	0.0
31	44	0.0
32	44	0.0
33	44	0.0
34	44	0.0
35	44	0.0
36	44	0.0
37	44	0.0
38	44	0.0
39	44	0.0
40	44	0.0
41	44	0.0
42	44	0.0
43	44	0.8620000000000001
44	44	0.158
45	44	0.0
46	44	0.0
47	44	0.0
48	44	0.0
49	44	0.0
50	44	0.0
51	44	0.0
52	44	0.0
53	44	0.0
54	44	0.0
55	44	0.0
56	44	0.0
57	44	0.0
58	44	0.0
59	44	0.0
60	44	0.0
61	44	0.0
62	44	0.0
63	44	0.0
64	44	0.0
65	44	0.0
66	44	0.0
67	44	0.0
68	44	5.25
69	44	0.0
70	44	0.0
71	44	0.0
72	44	0.0
73	44	0.0
74	44	0.546
75	44	0.0
76	44	5.73
77	44	0.0
78	44	0.0
79	44	0.0
80	44	0.0
81	44	0.8620000000000001
82	44	0.0
83	44	0.0
84	44	0.0
85	44	0.0
86	44	0.0
87	44	0.0
88	44	0.0
89	44	0.0
90	44	0.0
91	44	0.0
92	44	0.0
93	44	0.0
94	44	0.0
95	44	0.0
96	44	0.0
97	44	0.0
98	44	0.0
99	44	0.0
100	44	0.0
101	44	0.0
102	44	0.0
103	44	0.0
104	44	0.0
105	44	0.0
106	44	0.0
107	44	0.0
108	44	0.0
109	44	0.0
110	44	0.0
111	44	0.0
112	44	0.0
113	44	0.0
114	44	0.0
115	44	0.0
116	44	0.0
117	44	0.0
118	44	0.0
119	44	0.0
120	44	0.0
121	44	0.0
122	44	0.0
123	44	0.0
124	44	0.0
125	44	0.0
126	44	0.0
127	44	0.0
128	44	0.0
129	44	0.0
130	44	0.0
131	44	0.0
132	44	0.0
133	44	0.0
134	44	0.0
135	44	0.0
136	44	0.0
137	44	0.0
138	44	0.0
139	44	0.0
140	44	4.704
141	44	3.888
142	44	0.0
143	44	0.0
144	44	0.0
145	44	0.0
146	44	0.546
147	44	1.25
148	44	3.98
0	45	0.0
1	45	0.0
2	45	0.0
3	45	0.0
4	45	0.0
5	45	0.0
6	45	0.0
7	45	0.0
8	45	0.0
9	45	0.0
10	45	0.0
11	45	0.0
12	45	0.0
13	45	0.0
14	45	0.0
15	45	0.0
16	45	0.0
17	45	0.0
18	45	0.0
19	45	5.914000000000001
20	45	7.342
21	45	3.428
22	45	0.0
23	45	0.0
24	45	1.02
25	45	0.0
26	45	0.0
27	45	0.0
28	45	0.0
29	45	0.0
30	45	0.158
31	45	0.0
32	45	0.0
33	45	0.0
34	45	0.0
35	45	0.0
36	45	0.0
37	45	0.0
38	45	0.0
39	45	0.0
40	45	0.0
41	45	0.0
42	45	2.632
43	45	2.724
44	45	0.158
45	45	0.0
46	45	1.566
47	45	0.0
48	45	0.0
49	45	0.0
50	45	0.0
51	45	0.0
52	45	0.0
53	45	0.0
54	45	0.0
55	45	0.0
56	45	0.0
57	45	0.0
58	45	0.0
59	45	0.0
60	45	0.0
61	45	0.0
62	45	0.0
63	45	0.0
64	45	0.0
65	45	0.0
66	45	0.0
67	45	0.0
68	45	3.5660000000000003
69	45	0.0
70	45	0.0
71	45	0.0
72	45	0.0
73	45	0.0
74	45	0.0
75	45	0.0
76	45	0.316
77	45	0.0
78	45	0.0
79	45	0.0
80	45	0.0
81	45	0.0
82	45	0.0
83	45	0.0
84	45	0.0
85	45	0.158
86	45	0.0
87	45	0.0
88	45	0.0
89	45	0.0
90	45	0.0
91	45	0.0
92	45	0.0
93	45	0.0
94	45	0.474
95	45	0.0
96	45	0.0
97	45	0.0
98	45	0.0
99	45	0.0
100	45	0.474
101	45	0.0
102	45	0.546
103	45	0.0
104	45	0.0
105	45	0.0
106	45	0.0
107	45	0.0
108	45	0.0
109	45	0.0
110	45	0.0
111	45	0.0
112	45	0.0
113	45	0.0
114	45	0.0
115	45	0.0
116	45	0.0
117	45	0.0
118	45	0.0
119	45	0.0
120	45	0.0
121	45	0.0
122	45	0.0
123	45	0.0
124	45	0.0
125	45	0.632
126	45	0.0
127	45	0.7040000000000001
128	45	0.0
129	45	0.0
130	45	0.632
131	45	0.0
132	45	0.0
133	45	0.7040000000000001
134	45	0.0
135	45	1.092
136	45	0.0
137	45	0.0
138	45	0.0
139	45	0.0
140	45	1.632
141	45	6.408
142	45	0.546
143	45	2.5
144	45	0.0
145	45	0.316
146	45	2.25
147	45	3.98
148	45	3.882
0	46	0.0
1	46	0.0
2	46	0.0
3	46	0.0
4	46	0.0
5	46	0.0
6	46	0.0
7	46	0.0
8	46	0.0
9	46	0.0
10	46	0.0
11	46	0.0
12	46	0.0
13	46	0.0
14	46	0.0
15	46	0.0
16	46	0.0
17	46	0.0
18	46	0.0
19	46	0.546
20	46	0.474
21	46	3.158
22	46	0.0
23	46	0.0
24	46	0.7040000000000001
25	46	0.0
26	46	0.0
27	46	0.0
28	46	0.0
29	46	0.0
30	46	0.316
31	46	0.0
32	46	0.0
33	46	0.0
34	46	0.0
35	46	0.0
36	46	0.0
37	46	0.0
38	46	0.0
39	46	0.0
40	46	0.0
41	46	0.0
42	46	0.0
43	46	4.408
44	46	1.092
45	46	0.0
46	46	1.408
47	46	0.0
48	46	0.0
49	46	0.0
50	46	0.0
51	46	0.0
52	46	0.0
53	46	0.0
54	46	0.0
55	46	0.0
56	46	0.0
57	46	0.0
58	46	0.0
59	46	0.0
60	46	0.0
61	46	0.0
62	46	0.0
63	46	0.0
64	46	0.0
65	46	0.0
66	46	0.0
67	46	0.0
68	46	2.704
69	46	0.0
70	46	0.0
71	46	0.0
72	46	0.0
73	46	0.546
74	46	0.0
75	46	0.0
76	46	0.0
77	46	0.0
78	46	0.0
79	46	0.0
80	46	0.0
81	46	0.0
82	46	0.0
83	46	0.0
84	46	0.0
85	46	0.0
86	46	0.0
87	46	0.0
88	46	0.0
89	46	0.0
90	46	0.0
91	46	0.0
92	46	0.0
93	46	0.0
94	46	0.316
95	46	0.0
96	46	0.0
97	46	0.0
98	46	0.0
99	46	0.0
100	46	0.158
101	46	0.0
102	46	0.0
103	46	0.0
104	46	0.0
105	46	0.0
106	46	0.0
107	46	0.0
108	46	0.0
109	46	0.0
110	46	2.8880000000000003
111	46	2.5
112	46	0.0
113	46	0.79
114	46	0.158
115	46	0.0
116	46	0.0
117	46	2.112
118	46	4.204000000000001
119	46	0.0
120	46	0.0
121	46	0.0
122	46	0.0
123	46	0.0
124	46	0.0
125	46	0.0
126	46	0.0
127	46	0.0
128	46	0.0
129	46	0.0
130	46	0.0
131	46	0.0
132	46	0.0
133	46	0.0
134	46	0.0
135	46	0.0
136	46	0.0
137	46	0.0
138	46	0.0
139	46	0.0
140	46	6.0920000000000005
141	46	0.316
142	46	0.0
143	46	0.0
144	46	0.0
145	46	0.0
146	46	0.0
147	46	0.0
148	46	3.184
0	47	0.0
1	47	0.0
2	47	0.0
3	47	0.0
4	47	0.0
5	47	0.0
6	47	0.0
7	47	0.0
8	47	0.0
9	47	0.0
10	47	0.0
11	47	0.0
12	47	0.0
13	47	0.0
14	47	0.0
15	47	0.0
16	47	0.0
17	47	0.0
18	47	0.0
19	47	0.0
20	47	1.02
21	47	5.658
22	47	0.0
23	47	0.0
24	47	0.474
25	47	0.0
26	47	0.0
27	47	0.0
28	47	0.0
29	47	0.0
30	47	0.0
31	47	0.0
32	47	0.0
33	47	0.0
34	47	0.0
35	47	0.0
36	47	0.0
37	47	0.0
38	47	0.0
39	47	0.158
40	47	0.0
41	47	0.0
42	47	3.428
43	47	6.112
44	47	1.316
45	47	0.0
46	47	1.7040000000000002
47	47	0.0
48	47	0.0
49	47	0.0
50	47	0.0
51	47	0.158
52	47	0.0
53	47	0.0
54	47	0.0
55	47	0.0
56	47	0.0
57	47	0.0
58	47	0.0
59	47	0.0
60	47	0.0
61	47	0.0
62	47	0.0
63	47	0.0
64	47	0.0
65	47	0.0
66	47	1.02
67	47	0.0
68	47	0.0
69	47	0.0
70	47	0.0
71	47	0.0
72	47	0.0
73	47	0.0
74	47	0.0
75	47	0.0
76	47	0.0
77	47	0.0
78	47	0.0
79	47	0.0
80	47	0.0
81	47	0.158
82	47	0.0
83	47	0.0
84	47	0.0
85	47	0.0
86	47	0.0
87	47	0.0
88	47	0.0
89	47	0.0
90	47	0.0
91	47	0.0
92	47	0.0
93	47	0.0
94	47	0.7040000000000001
95	47	0.0
96	47	0.0
97	47	0.0
98	47	0.0
99	47	0.0
100	47	0.632
101	47	0.0
102	47	2.25
103	47	0.0
104	47	0.0
105	47	0.0
106	47	0.0
107	47	0.0
108	47	0.0
109	47	0.0
110	47	0.0
111	47	0.0
112	47	0.0
113	47	0.948
114	47	0.0
115	47	0.0
116	47	0.474
117	47	1.58
118	47	0.0
119	47	0.0
120	47	1.316
121	47	0.0
122	47	0.0
123	47	0.0
124	47	0.474
125	47	0.0
126	47	0.0
127	47	0.0
128	47	0.0
129	47	0.0
130	47	0.0
131	47	0.0
132	47	0.948
133	47	0.316
134	47	0.0
135	47	0.0
136	47	0.0
137	47	0.0
138	47	0.0
139	47	1.474
140	47	4.948
141	47	0.474
142	47	0.0
143	47	0.0
144	47	0.316
145	47	0.316
146	47	0.0
147	47	0.632
148	47	5.658
0	48	0.0
1	48	0.0
2	48	0.0
3	48	0.0
4	48	0.0
5	48	0.0
6	48	0.0
7	48	0.0
8	48	0.0
9	48	0.0
10	48	0.0
11	48	0.0
12	48	0.0
13	48	0.0
14	48	0.0
15	48	0.0
16	48	0.0
17	48	0.0
18	48	0.0
19	48	0.474
20	48	1.336
21	48	6.368
22	48	0.0
23	48	0.0
24	48	2.092
25	48	0.0
26	48	0.0
27	48	0.0
28	48	0.0
29	48	0.158
30	48	0.316
31	48	0.0
32	48	0.0
33	48	0.0
34	48	0.0
35	48	0.0
36	48	0.0
37	48	0.0
38	48	0.0
39	48	0.0
40	48	0.0
41	48	0.0
42	48	1.408
43	48	6.276
44	48	1.092
45	48	0.0
46	48	5.434
47	48	0.0
48	48	0.0
49	48	0.0
50	48	0.0
51	48	0.0
52	48	0.0
53	48	0.0
54	48	0.0
55	48	0.0
56	48	0.0
57	48	0.0
58	48	0.0
59	48	0.0
60	48	0.0
61	48	0.0
62	48	0.0
63	48	0.0
64	48	0.0
65	48	0.0
66	48	0.0
67	48	0.0
68	48	4.888
69	48	0.0
70	48	0.0
71	48	0.0
72	48	0.0
73	48	0.0
74	48	0.0
75	48	0.0
76	48	0.0
77	48	0.0
78	48	0.0
79	48	0.0
80	48	0.0
81	48	0.0
82	48	0.0
83	48	0.0
84	48	0.0
85	48	0.0
86	48	0.0
87	48	0.0
88	48	0.0
89	48	0.0
90	48	0.0
91	48	0.0
92	48	0.0
93	48	0.0
94	48	2.02
95	48	0.0
96	48	0.0
97	48	0.0
98	48	0.158
99	48	0.948
100	48	0.158
101	48	0.158
102	48	0.948
103	48	0.0
104	48	0.158
105	48	0.0
106	48	0.0
107	48	0.0
108	48	0.0
109	48	0.0
110	48	0.0
111	48	0.0
112	48	0.0
113	48	0.0
114	48	0.0
115	48	0.0
116	48	0.0
117	48	0.0
118	48	0.0
119	48	0.0
120	48	0.79
121	48	0.0
122	48	0.0
123	48	0.0
124	48	0.0
125	48	0.0
126	48	0.0
127	48	0.0
128	48	0.0
129	48	0.0
130	48	0.0
131	48	0.0
132	48	0.0
133	48	0.0
134	48	0.316
135	48	0.0
136	48	0.0
137	48	0.0
138	48	0.0
139	48	0.0
140	48	0.0
141	48	1.1780000000000002
142	48	0.0
143	48	0.0
144	48	0.0
145	48	0.7040000000000001
146	48	0.0
147	48	0.948
148	48	5.658
0	49	0.0
1	49	0.0
2	49	0.0
3	49	0.0
4	49	0.0
5	49	0.0
6	49	0.0
7	49	0.0
8	49	0.0
9	49	0.0
10	49	0.0
11	49	0.0
12	49	0.0
13	49	0.0
14	49	0.0
15	49	0.0
16	49	0.0
17	49	0.0
18	49	0.0
19	49	0.0
20	49	1.638
21	49	1.638
22	49	0.0
23	49	0.0
24	49	0.0
25	49	0.0
26	49	0.0
27	49	0.0
28	49	0.0
29	49	0.0
30	49	0.0
31	49	0.0
32	49	0.0
33	49	0.0
34	49	0.0
35	49	0.0
36	49	0.0
37	49	0.0
38	49	0.0
39	49	0.0
40	49	0.0
41	49	0.0
42	49	0.0
43	49	2.184
44	49	0.546
45	49	0.0
46	49	0.0
47	49	0.0
48	49	0.0
49	49	0.0
50	49	0.0
51	49	0.0
52	49	0.0
53	49	0.0
54	49	0.0
55	49	0.0
56	49	0.0
57	49	0.0
58	49	0.0
59	49	0.0
60	49	0.0
61	49	0.0
62	49	0.0
63	49	0.0
64	49	0.0
65	49	0.0
66	49	0.0
67	49	0.0
68	49	0.0
69	49	0.0
70	49	0.0
71	49	0.0
72	49	0.0
73	49	0.0
74	49	0.0
75	49	0.0
76	49	0.0
77	49	0.0
78	49	0.0
79	49	0.0
80	49	0.0
81	49	0.0
82	49	0.0
83	49	0.0
84	49	0.0
85	49	0.0
86	49	0.0
87	49	0.0
88	49	0.0
89	49	0.0
90	49	0.0
91	49	0.0
92	49	0.0
93	49	0.0
94	49	0.0
95	49	0.0
96	49	0.0
97	49	0.0
98	49	0.0
99	49	0.0
100	49	0.0
101	49	0.0
102	49	0.0
103	49	0.0
104	49	0.0
105	49	0.0
106	49	0.0
107	49	0.0
108	49	0.0
109	49	0.0
110	49	0.0
111	49	0.0
112	49	0.0
113	49	0.0
114	49	0.0
115	49	0.0
116	49	0.0
117	49	0.0
118	49	0.0
119	49	0.0
120	49	0.0
121	49	0.0
122	49	0.0
123	49	0.0
124	49	0.0
125	49	0.0
126	49	0.0
127	49	0.0
128	49	0.0
129	49	0.0
130	49	0.0
131	49	0.0
132	49	0.0
133	49	0.0
134	49	0.0
135	49	0.0
136	49	0.0
137	49	0.0
138	49	0.0
139	49	0.0
140	49	0.0
141	49	2.7300000000000004
142	49	0.0
143	49	0.0
144	49	0.0
145	49	1.638
146	49	0.0
147	49	0.546
148	49	0.0
