Unnamed: 0	resource_id	query_id	similarity_score
0	0	0	0.0
1	1	0	0.0
2	2	0	0.0
3	3	0	0.0
4	4	0	0.0
5	5	0	0.0
6	6	0	0.0
7	7	0	0.0
8	8	0	0.0
9	9	0	0.0
10	10	0	0.0
11	11	0	0.0
12	12	0	0.0
13	13	0	0.0
14	14	0	0.0
15	15	0	0.0
16	16	0	0.0
17	17	0	0.0
18	18	0	0.0
19	19	0	0.0
20	20	0	0.0
21	21	0	0.0
22	22	0	0.0
23	23	0	0.0
24	24	0	9.0
25	25	0	0.0
26	26	0	0.0
27	27	0	0.0
28	28	0	0.0
29	29	0	0.0
30	30	0	0.0
31	31	0	0.0
32	32	0	0.0
33	33	0	0.0
34	34	0	100.0
35	35	0	0.0
36	36	0	4.0
37	37	0	0.0
38	38	0	0.0
39	39	0	0.0
40	40	0	0.0
41	41	0	0.0
42	42	0	0.0
43	43	0	0.0
44	44	0	0.0
45	45	0	0.0
46	46	0	0.0
47	47	0	0.0
48	48	0	0.0
49	49	0	0.0
50	50	0	0.0
51	51	0	0.0
52	52	0	0.0
53	53	0	0.0
54	54	0	0.0
55	55	0	0.0
56	56	0	0.0
57	57	0	0.0
58	58	0	0.0
59	59	0	0.0
60	60	0	0.0
61	61	0	0.0
62	62	0	0.0
63	63	0	0.0
64	64	0	0.0
65	65	0	0.0
66	66	0	0.0
67	67	0	0.0
68	68	0	0.0
69	69	0	0.0
70	70	0	0.0
71	71	0	0.0
72	72	0	0.0
73	73	0	0.0
74	74	0	0.0
75	75	0	0.0
76	76	0	0.0
77	77	0	0.0
78	78	0	0.0
79	79	0	0.0
80	80	0	0.0
81	81	0	0.0
82	82	0	0.0
83	83	0	0.0
84	84	0	0.0
85	85	0	0.0
86	86	0	0.0
87	87	0	0.0
88	88	0	0.0
89	89	0	0.0
90	90	0	0.0
91	91	0	0.0
92	92	0	0.0
93	93	0	0.0
94	94	0	0.0
95	95	0	0.0
96	96	0	0.0
97	97	0	0.0
98	98	0	0.0
99	99	0	0.0
100	0	1	0.0
101	1	1	1.0
102	2	1	0.0
103	3	1	0.0
104	4	1	2.0
105	5	1	0.0
106	6	1	0.0
107	7	1	0.0
108	8	1	0.0
109	9	1	0.0
110	10	1	0.0
111	11	1	0.0
112	12	1	8.0
113	13	1	53.0
114	14	1	1.0
115	15	1	0.0
116	16	1	0.0
117	17	1	0.0
118	18	1	3.0
119	19	1	0.0
120	20	1	0.0
121	21	1	0.0
122	22	1	3.0
123	23	1	0.0
124	24	1	1.0
125	25	1	0.0
126	26	1	0.0
127	27	1	0.0
128	28	1	0.0
129	29	1	0.0
130	30	1	0.0
131	31	1	0.0
132	32	1	1.0
133	33	1	0.0
134	34	1	0.0
135	35	1	2.0
136	36	1	0.0
137	37	1	0.0
138	38	1	0.0
139	39	1	0.0
140	40	1	0.0
141	41	1	0.0
142	42	1	0.0
143	43	1	0.0
144	44	1	0.0
145	45	1	3.0
146	46	1	4.0
147	47	1	0.0
148	48	1	0.0
149	49	1	0.0
150	50	1	1.0
151	51	1	0.0
152	52	1	0.0
153	53	1	0.0
154	54	1	0.0
155	55	1	0.0
156	56	1	0.0
157	57	1	0.0
158	58	1	0.0
159	59	1	0.0
160	60	1	2.0
161	61	1	0.0
162	62	1	0.0
163	63	1	1.0
164	64	1	0.0
165	65	1	2.0
166	66	1	0.0
167	67	1	3.0
168	68	1	0.0
169	69	1	0.0
170	70	1	0.0
171	71	1	0.0
172	72	1	0.0
173	73	1	0.0
174	74	1	0.0
175	75	1	0.0
176	76	1	0.0
177	77	1	0.0
178	78	1	0.0
179	79	1	0.0
180	80	1	0.0
181	81	1	0.0
182	82	1	0.0
183	83	1	0.0
184	84	1	0.0
185	85	1	0.0
186	86	1	2.0
187	87	1	0.0
188	88	1	0.0
189	89	1	0.0
190	90	1	0.0
191	91	1	0.0
192	92	1	1.0
193	93	1	0.0
194	94	1	0.0
195	95	1	0.0
196	96	1	0.0
197	97	1	0.0
198	98	1	0.0
199	99	1	5.0
200	0	2	0.0
201	1	2	0.0
202	2	2	0.0
203	3	2	0.0
204	4	2	2.0
205	5	2	0.0
206	6	2	2.0
207	7	2	0.0
208	8	2	0.0
209	9	2	0.0
210	10	2	0.0
211	11	2	2.0
212	12	2	0.0
213	13	2	0.0
214	14	2	0.0
215	15	2	0.0
216	16	2	0.0
217	17	2	0.0
218	18	2	0.0
219	19	2	0.0
220	20	2	0.0
221	21	2	7.0
222	22	2	0.0
223	23	2	0.0
224	24	2	0.0
225	25	2	0.0
226	26	2	0.0
227	27	2	3.0
228	28	2	0.0
229	29	2	0.0
230	30	2	0.0
231	31	2	2.0
232	32	2	0.0
233	33	2	0.0
234	34	2	18.0
235	35	2	0.0
236	36	2	4.0
237	37	2	1.0
238	38	2	0.0
239	39	2	0.0
240	40	2	0.0
241	41	2	0.0
242	42	2	2.0
243	43	2	0.0
244	44	2	0.0
245	45	2	0.0
246	46	2	0.0
247	47	2	0.0
248	48	2	3.0
249	49	2	8.0
250	50	2	0.0
251	51	2	0.0
252	52	2	0.0
253	53	2	0.0
254	54	2	1.0
255	55	2	0.0
256	56	2	0.0
257	57	2	0.0
258	58	2	0.0
259	59	2	3.0
260	60	2	1.0
261	61	2	0.0
262	62	2	0.0
263	63	2	0.0
264	64	2	0.0
265	65	2	0.0
266	66	2	4.0
267	67	2	0.0
268	68	2	0.0
269	69	2	2.0
270	70	2	0.0
271	71	2	2.0
272	72	2	0.0
273	73	2	2.0
274	74	2	1.0
275	75	2	0.0
276	76	2	4.0
277	77	2	0.0
278	78	2	2.0
279	79	2	5.0
280	80	2	0.0
281	81	2	0.0
282	82	2	3.0
283	83	2	0.0
284	84	2	1.0
285	85	2	1.0
286	86	2	0.0
287	87	2	12.0
288	88	2	0.0
289	89	2	0.0
290	90	2	3.0
291	91	2	0.0
292	92	2	0.0
293	93	2	0.0
294	94	2	0.0
295	95	2	0.0
296	96	2	12.0
297	97	2	0.0
298	98	2	0.0
299	99	2	0.0
300	0	3	0.0
301	1	3	0.0
302	2	3	0.0
303	3	3	0.0
304	4	3	0.0
305	5	3	0.0
306	6	3	0.0
307	7	3	0.0
308	8	3	0.0
309	9	3	0.0
310	10	3	0.0
311	11	3	0.0
312	12	3	0.0
313	13	3	0.0
314	14	3	0.0
315	15	3	0.0
316	16	3	0.0
317	17	3	0.0
318	18	3	0.0
319	19	3	0.0
320	20	3	0.0
321	21	3	0.0
322	22	3	0.0
323	23	3	0.0
324	24	3	0.0
325	25	3	0.0
326	26	3	0.0
327	27	3	0.0
328	28	3	0.0
329	29	3	0.0
330	30	3	0.0
331	31	3	0.0
332	32	3	0.0
333	33	3	0.0
334	34	3	0.0
335	35	3	0.0
336	36	3	0.0
337	37	3	2.0
338	38	3	0.0
339	39	3	0.0
340	40	3	0.0
341	41	3	0.0
342	42	3	0.0
343	43	3	0.0
344	44	3	0.0
345	45	3	0.0
346	46	3	0.0
347	47	3	0.0
348	48	3	0.0
349	49	3	29.0
350	50	3	0.0
351	51	3	0.0
352	52	3	0.0
353	53	3	0.0
354	54	3	0.0
355	55	3	0.0
356	56	3	0.0
357	57	3	0.0
358	58	3	0.0
359	59	3	0.0
360	60	3	0.0
361	61	3	0.0
362	62	3	0.0
363	63	3	0.0
364	64	3	0.0
365	65	3	0.0
366	66	3	0.0
367	67	3	0.0
368	68	3	0.0
369	69	3	0.0
370	70	3	0.0
371	71	3	0.0
372	72	3	0.0
373	73	3	0.0
374	74	3	16.0
375	75	3	0.0
376	76	3	0.0
377	77	3	0.0
378	78	3	0.0
379	79	3	0.0
380	80	3	0.0
381	81	3	0.0
382	82	3	0.0
383	83	3	0.0
384	84	3	0.0
385	85	3	0.0
386	86	3	0.0
387	87	3	0.0
388	88	3	0.0
389	89	3	0.0
390	90	3	0.0
391	91	3	0.0
392	92	3	0.0
393	93	3	0.0
394	94	3	0.0
395	95	3	0.0
396	96	3	0.0
397	97	3	0.0
398	98	3	0.0
399	99	3	0.0
400	0	4	0.0
401	1	4	0.0
402	2	4	0.0
403	3	4	0.0
404	4	4	0.0
405	5	4	0.0
406	6	4	0.0
407	7	4	0.0
408	8	4	0.0
409	9	4	0.0
410	10	4	0.0
411	11	4	0.0
412	12	4	0.0
413	13	4	0.0
414	14	4	0.0
415	15	4	0.0
416	16	4	0.0
417	17	4	0.0
418	18	4	0.0
419	19	4	0.0
420	20	4	0.0
421	21	4	0.0
422	22	4	0.0
423	23	4	0.0
424	24	4	0.0
425	25	4	0.0
426	26	4	0.0
427	27	4	0.0
428	28	4	0.0
429	29	4	0.0
430	30	4	0.0
431	31	4	0.0
432	32	4	0.0
433	33	4	8.0
434	34	4	0.0
435	35	4	0.0
436	36	4	0.0
437	37	4	0.0
438	38	4	0.0
439	39	4	0.0
440	40	4	0.0
441	41	4	0.0
442	42	4	1.0
443	43	4	0.0
444	44	4	0.0
445	45	4	0.0
446	46	4	0.0
447	47	4	0.0
448	48	4	0.0
449	49	4	0.0
450	50	4	0.0
451	51	4	0.0
452	52	4	0.0
453	53	4	0.0
454	54	4	0.0
455	55	4	0.0
456	56	4	0.0
457	57	4	0.0
458	58	4	0.0
459	59	4	0.0
460	60	4	0.0
461	61	4	0.0
462	62	4	0.0
463	63	4	0.0
464	64	4	0.0
465	65	4	0.0
466	66	4	0.0
467	67	4	0.0
468	68	4	0.0
469	69	4	0.0
470	70	4	0.0
471	71	4	1.0
472	72	4	0.0
473	73	4	0.0
474	74	4	0.0
475	75	4	0.0
476	76	4	0.0
477	77	4	0.0
478	78	4	0.0
479	79	4	0.0
480	80	4	0.0
481	81	4	0.0
482	82	4	0.0
483	83	4	0.0
484	84	4	0.0
485	85	4	0.0
486	86	4	0.0
487	87	4	0.0
488	88	4	0.0
489	89	4	0.0
490	90	4	0.0
491	91	4	0.0
492	92	4	0.0
493	93	4	0.0
494	94	4	0.0
495	95	4	0.0
496	96	4	0.0
497	97	4	0.0
498	98	4	0.0
499	99	4	0.0
500	0	5	0.0
501	1	5	0.0
502	2	5	0.0
503	3	5	0.0
504	4	5	2.0
505	5	5	0.0
506	6	5	0.0
507	7	5	0.0
508	8	5	0.0
509	9	5	0.0
510	10	5	0.0
511	11	5	0.0
512	12	5	0.0
513	13	5	0.0
514	14	5	40.0
515	15	5	0.0
516	16	5	0.0
517	17	5	0.0
518	18	5	0.0
519	19	5	0.0
520	20	5	0.0
521	21	5	0.0
522	22	5	0.0
523	23	5	0.0
524	24	5	0.0
525	25	5	0.0
526	26	5	0.0
527	27	5	0.0
528	28	5	0.0
529	29	5	0.0
530	30	5	0.0
531	31	5	0.0
532	32	5	5.0
533	33	5	0.0
534	34	5	0.0
535	35	5	0.0
536	36	5	0.0
537	37	5	0.0
538	38	5	0.0
539	39	5	0.0
540	40	5	0.0
541	41	5	0.0
542	42	5	0.0
543	43	5	0.0
544	44	5	0.0
545	45	5	0.0
546	46	5	0.0
547	47	5	0.0
548	48	5	0.0
549	49	5	0.0
550	50	5	0.0
551	51	5	0.0
552	52	5	0.0
553	53	5	0.0
554	54	5	0.0
555	55	5	0.0
556	56	5	0.0
557	57	5	0.0
558	58	5	0.0
559	59	5	0.0
560	60	5	0.0
561	61	5	0.0
562	62	5	0.0
563	63	5	0.0
564	64	5	0.0
565	65	5	0.0
566	66	5	0.0
567	67	5	0.0
568	68	5	0.0
569	69	5	0.0
570	70	5	0.0
571	71	5	0.0
572	72	5	0.0
573	73	5	0.0
574	74	5	0.0
575	75	5	0.0
576	76	5	0.0
577	77	5	0.0
578	78	5	0.0
579	79	5	0.0
580	80	5	0.0
581	81	5	0.0
582	82	5	0.0
583	83	5	0.0
584	84	5	0.0
585	85	5	0.0
586	86	5	0.0
587	87	5	0.0
588	88	5	0.0
589	89	5	0.0
590	90	5	0.0
591	91	5	0.0
592	92	5	0.0
593	93	5	0.0
594	94	5	0.0
595	95	5	0.0
596	96	5	0.0
597	97	5	0.0
598	98	5	0.0
599	99	5	3.0
600	0	6	0.0
601	1	6	0.0
602	2	6	0.0
603	3	6	1.0
604	4	6	1.0
605	5	6	0.0
606	6	6	0.0
607	7	6	0.0
608	8	6	0.0
609	9	6	0.0
610	10	6	0.0
611	11	6	0.0
612	12	6	0.0
613	13	6	82.0
614	14	6	2.0
615	15	6	0.0
616	16	6	0.0
617	17	6	0.0
618	18	6	0.0
619	19	6	0.0
620	20	6	15.0
621	21	6	0.0
622	22	6	0.0
623	23	6	0.0
624	24	6	0.0
625	25	6	0.0
626	26	6	0.0
627	27	6	0.0
628	28	6	0.0
629	29	6	0.0
630	30	6	0.0
631	31	6	0.0
632	32	6	0.0
633	33	6	0.0
634	34	6	0.0
635	35	6	0.0
636	36	6	0.0
637	37	6	0.0
638	38	6	0.0
639	39	6	0.0
640	40	6	1.0
641	41	6	0.0
642	42	6	0.0
643	43	6	0.0
644	44	6	0.0
645	45	6	0.0
646	46	6	0.0
647	47	6	0.0
648	48	6	0.0
649	49	6	0.0
650	50	6	0.0
651	51	6	0.0
652	52	6	0.0
653	53	6	0.0
654	54	6	0.0
655	55	6	0.0
656	56	6	0.0
657	57	6	0.0
658	58	6	0.0
659	59	6	0.0
660	60	6	0.0
661	61	6	0.0
662	62	6	0.0
663	63	6	0.0
664	64	6	0.0
665	65	6	1.0
666	66	6	0.0
667	67	6	0.0
668	68	6	0.0
669	69	6	0.0
670	70	6	0.0
671	71	6	0.0
672	72	6	0.0
673	73	6	2.0
674	74	6	0.0
675	75	6	0.0
676	76	6	0.0
677	77	6	0.0
678	78	6	0.0
679	79	6	0.0
680	80	6	0.0
681	81	6	0.0
682	82	6	0.0
683	83	6	0.0
684	84	6	0.0
685	85	6	0.0
686	86	6	0.0
687	87	6	0.0
688	88	6	0.0
689	89	6	0.0
690	90	6	0.0
691	91	6	0.0
692	92	6	0.0
693	93	6	0.0
694	94	6	0.0
695	95	6	0.0
696	96	6	0.0
697	97	6	9.0
698	98	6	0.0
699	99	6	0.0
700	0	7	1.0
701	1	7	0.0
702	2	7	0.0
703	3	7	0.0
704	4	7	0.0
705	5	7	0.0
706	6	7	0.0
707	7	7	0.0
708	8	7	0.0
709	9	7	0.0
710	10	7	0.0
711	11	7	0.0
712	12	7	0.0
713	13	7	0.0
714	14	7	0.0
715	15	7	0.0
716	16	7	0.0
717	17	7	1.0
718	18	7	0.0
719	19	7	0.0
720	20	7	0.0
721	21	7	0.0
722	22	7	0.0
723	23	7	0.0
724	24	7	13.0
725	25	7	0.0
726	26	7	0.0
727	27	7	0.0
728	28	7	0.0
729	29	7	0.0
730	30	7	33.0
731	31	7	0.0
732	32	7	0.0
733	33	7	0.0
734	34	7	0.0
735	35	7	0.0
736	36	7	0.0
737	37	7	0.0
738	38	7	0.0
739	39	7	0.0
740	40	7	0.0
741	41	7	0.0
742	42	7	0.0
743	43	7	0.0
744	44	7	0.0
745	45	7	0.0
746	46	7	0.0
747	47	7	0.0
748	48	7	1.0
749	49	7	0.0
750	50	7	0.0
751	51	7	0.0
752	52	7	0.0
753	53	7	0.0
754	54	7	9.0
755	55	7	0.0
756	56	7	0.0
757	57	7	0.0
758	58	7	0.0
759	59	7	0.0
760	60	7	0.0
761	61	7	0.0
762	62	7	0.0
763	63	7	0.0
764	64	7	0.0
765	65	7	0.0
766	66	7	0.0
767	67	7	0.0
768	68	7	0.0
769	69	7	0.0
770	70	7	0.0
771	71	7	0.0
772	72	7	0.0
773	73	7	0.0
774	74	7	0.0
775	75	7	0.0
776	76	7	0.0
777	77	7	0.0
778	78	7	0.0
779	79	7	0.0
780	80	7	0.0
781	81	7	0.0
782	82	7	0.0
783	83	7	0.0
784	84	7	0.0
785	85	7	0.0
786	86	7	0.0
787	87	7	0.0
788	88	7	0.0
789	89	7	0.0
790	90	7	0.0
791	91	7	0.0
792	92	7	1.0
793	93	7	0.0
794	94	7	0.0
795	95	7	0.0
796	96	7	0.0
797	97	7	0.0
798	98	7	0.0
799	99	7	0.0
800	0	8	0.0
801	1	8	0.0
802	2	8	0.0
803	3	8	0.0
804	4	8	2.0
805	5	8	0.0
806	6	8	0.0
807	7	8	0.0
808	8	8	0.0
809	9	8	0.0
810	10	8	0.0
811	11	8	0.0
812	12	8	0.0
813	13	8	0.0
814	14	8	0.0
815	15	8	0.0
816	16	8	0.0
817	17	8	0.0
818	18	8	0.0
819	19	8	3.0
820	20	8	0.0
821	21	8	0.0
822	22	8	0.0
823	23	8	0.0
824	24	8	0.0
825	25	8	0.0
826	26	8	0.0
827	27	8	0.0
828	28	8	0.0
829	29	8	0.0
830	30	8	0.0
831	31	8	0.0
832	32	8	0.0
833	33	8	0.0
834	34	8	0.0
835	35	8	0.0
836	36	8	0.0
837	37	8	91.0
838	38	8	0.0
839	39	8	25.0
840	40	8	0.0
841	41	8	0.0
842	42	8	0.0
843	43	8	0.0
844	44	8	0.0
845	45	8	0.0
846	46	8	0.0
847	47	8	0.0
848	48	8	0.0
849	49	8	0.0
850	50	8	0.0
851	51	8	0.0
852	52	8	0.0
853	53	8	0.0
854	54	8	0.0
855	55	8	0.0
856	56	8	0.0
857	57	8	0.0
858	58	8	0.0
859	59	8	0.0
860	60	8	0.0
861	61	8	0.0
862	62	8	0.0
863	63	8	0.0
864	64	8	0.0
865	65	8	0.0
866	66	8	0.0
867	67	8	0.0
868	68	8	0.0
869	69	8	0.0
870	70	8	0.0
871	71	8	0.0
872	72	8	0.0
873	73	8	0.0
874	74	8	0.0
875	75	8	0.0
876	76	8	0.0
877	77	8	0.0
878	78	8	0.0
879	79	8	0.0
880	80	8	0.0
881	81	8	0.0
882	82	8	0.0
883	83	8	0.0
884	84	8	0.0
885	85	8	0.0
886	86	8	0.0
887	87	8	0.0
888	88	8	0.0
889	89	8	0.0
890	90	8	0.0
891	91	8	1.0
892	92	8	0.0
893	93	8	0.0
894	94	8	0.0
895	95	8	0.0
896	96	8	0.0
897	97	8	0.0
898	98	8	0.0
899	99	8	0.0
900	0	9	0.0
901	1	9	0.0
902	2	9	0.0
903	3	9	1.0
904	4	9	4.0
905	5	9	0.0
906	6	9	0.0
907	7	9	0.0
908	8	9	0.0
909	9	9	0.0
910	10	9	0.0
911	11	9	0.0
912	12	9	0.0
913	13	9	1.0
914	14	9	0.0
915	15	9	0.0
916	16	9	0.0
917	17	9	0.0
918	18	9	0.0
919	19	9	0.0
920	20	9	0.0
921	21	9	0.0
922	22	9	1.0
923	23	9	0.0
924	24	9	0.0
925	25	9	0.0
926	26	9	0.0
927	27	9	0.0
928	28	9	0.0
929	29	9	3.0
930	30	9	0.0
931	31	9	87.0
932	32	9	3.0
933	33	9	0.0
934	34	9	0.0
935	35	9	0.0
936	36	9	0.0
937	37	9	0.0
938	38	9	0.0
939	39	9	0.0
940	40	9	0.0
941	41	9	0.0
942	42	9	0.0
943	43	9	0.0
944	44	9	0.0
945	45	9	0.0
946	46	9	0.0
947	47	9	1.0
948	48	9	0.0
949	49	9	0.0
950	50	9	0.0
951	51	9	22.0
952	52	9	0.0
953	53	9	0.0
954	54	9	0.0
955	55	9	0.0
956	56	9	0.0
957	57	9	0.0
958	58	9	0.0
959	59	9	0.0
960	60	9	0.0
961	61	9	0.0
962	62	9	0.0
963	63	9	0.0
964	64	9	0.0
965	65	9	0.0
966	66	9	0.0
967	67	9	0.0
968	68	9	0.0
969	69	9	0.0
970	70	9	0.0
971	71	9	0.0
972	72	9	0.0
973	73	9	0.0
974	74	9	0.0
975	75	9	0.0
976	76	9	0.0
977	77	9	0.0
978	78	9	0.0
979	79	9	0.0
980	80	9	0.0
981	81	9	0.0
982	82	9	0.0
983	83	9	0.0
984	84	9	0.0
985	85	9	0.0
986	86	9	0.0
987	87	9	0.0
988	88	9	0.0
989	89	9	0.0
990	90	9	0.0
991	91	9	0.0
992	92	9	1.0
993	93	9	0.0
994	94	9	0.0
995	95	9	0.0
996	96	9	0.0
997	97	9	0.0
998	98	9	0.0
999	99	9	0.0
1000	0	10	0.0
1001	1	10	0.0
1002	2	10	0.0
1003	3	10	24.0
1004	4	10	0.0
1005	5	10	2.0
1006	6	10	0.0
1007	7	10	0.0
1008	8	10	0.0
1009	9	10	0.0
1010	10	10	3.0
1011	11	10	0.0
1012	12	10	0.0
1013	13	10	0.0
1014	14	10	0.0
1015	15	10	0.0
1016	16	10	0.0
1017	17	10	0.0
1018	18	10	0.0
1019	19	10	0.0
1020	20	10	0.0
1021	21	10	0.0
1022	22	10	0.0
1023	23	10	0.0
1024	24	10	0.0
1025	25	10	0.0
1026	26	10	0.0
1027	27	10	0.0
1028	28	10	0.0
1029	29	10	0.0
1030	30	10	0.0
1031	31	10	0.0
1032	32	10	0.0
1033	33	10	2.0
1034	34	10	0.0
1035	35	10	0.0
1036	36	10	0.0
1037	37	10	0.0
1038	38	10	0.0
1039	39	10	0.0
1040	40	10	0.0
1041	41	10	0.0
1042	42	10	23.0
1043	43	10	0.0
1044	44	10	0.0
1045	45	10	0.0
1046	46	10	0.0
1047	47	10	0.0
1048	48	10	0.0
1049	49	10	0.0
1050	50	10	0.0
1051	51	10	0.0
1052	52	10	0.0
1053	53	10	0.0
1054	54	10	0.0
1055	55	10	0.0
1056	56	10	0.0
1057	57	10	0.0
1058	58	10	0.0
1059	59	10	0.0
1060	60	10	0.0
1061	61	10	0.0
1062	62	10	0.0
1063	63	10	0.0
1064	64	10	1.0
1065	65	10	0.0
1066	66	10	1.0
1067	67	10	0.0
1068	68	10	0.0
1069	69	10	0.0
1070	70	10	0.0
1071	71	10	0.0
1072	72	10	0.0
1073	73	10	0.0
1074	74	10	0.0
1075	75	10	0.0
1076	76	10	0.0
1077	77	10	0.0
1078	78	10	0.0
1079	79	10	1.0
1080	80	10	0.0
1081	81	10	0.0
1082	82	10	0.0
1083	83	10	0.0
1084	84	10	41.0
1085	85	10	0.0
1086	86	10	2.0
1087	87	10	0.0
1088	88	10	0.0
1089	89	10	0.0
1090	90	10	0.0
1091	91	10	0.0
1092	92	10	0.0
1093	93	10	0.0
1094	94	10	0.0
1095	95	10	0.0
1096	96	10	0.0
1097	97	10	0.0
1098	98	10	0.0
1099	99	10	0.0
1100	0	11	0.0
1101	1	11	0.0
1102	2	11	0.0
1103	3	11	0.0
1104	4	11	0.0
1105	5	11	0.0
1106	6	11	0.0
1107	7	11	0.0
1108	8	11	0.0
1109	9	11	0.0
1110	10	11	0.0
1111	11	11	0.0
1112	12	11	0.0
1113	13	11	0.0
1114	14	11	0.0
1115	15	11	0.0
1116	16	11	6.0
1117	17	11	0.0
1118	18	11	0.0
1119	19	11	0.0
1120	20	11	0.0
1121	21	11	0.0
1122	22	11	0.0
1123	23	11	0.0
1124	24	11	8.0
1125	25	11	0.0
1126	26	11	0.0
1127	27	11	0.0
1128	28	11	0.0
1129	29	11	0.0
1130	30	11	0.0
1131	31	11	0.0
1132	32	11	0.0
1133	33	11	0.0
1134	34	11	0.0
1135	35	11	0.0
1136	36	11	0.0
1137	37	11	0.0
1138	38	11	0.0
1139	39	11	0.0
1140	40	11	0.0
1141	41	11	0.0
1142	42	11	0.0
1143	43	11	0.0
1144	44	11	0.0
1145	45	11	0.0
1146	46	11	0.0
1147	47	11	0.0
1148	48	11	0.0
1149	49	11	0.0
1150	50	11	0.0
1151	51	11	0.0
1152	52	11	0.0
1153	53	11	0.0
1154	54	11	0.0
1155	55	11	0.0
1156	56	11	0.0
1157	57	11	0.0
1158	58	11	0.0
1159	59	11	0.0
1160	60	11	191.0
1161	61	11	0.0
1162	62	11	0.0
1163	63	11	0.0
1164	64	11	0.0
1165	65	11	0.0
1166	66	11	0.0
1167	67	11	0.0
1168	68	11	0.0
1169	69	11	0.0
1170	70	11	0.0
1171	71	11	0.0
1172	72	11	0.0
1173	73	11	0.0
1174	74	11	0.0
1175	75	11	0.0
1176	76	11	0.0
1177	77	11	0.0
1178	78	11	0.0
1179	79	11	0.0
1180	80	11	0.0
1181	81	11	0.0
1182	82	11	0.0
1183	83	11	0.0
1184	84	11	0.0
1185	85	11	0.0
1186	86	11	0.0
1187	87	11	0.0
1188	88	11	0.0
1189	89	11	0.0
1190	90	11	0.0
1191	91	11	0.0
1192	92	11	1.0
1193	93	11	0.0
1194	94	11	0.0
1195	95	11	2.0
1196	96	11	0.0
1197	97	11	0.0
1198	98	11	0.0
1199	99	11	0.0
1200	0	12	0.0
1201	1	12	0.0
1202	2	12	0.0
1203	3	12	0.0
1204	4	12	0.0
1205	5	12	0.0
1206	6	12	0.0
1207	7	12	0.0
1208	8	12	0.0
1209	9	12	0.0
1210	10	12	0.0
1211	11	12	0.0
1212	12	12	0.0
1213	13	12	0.0
1214	14	12	0.0
1215	15	12	0.0
1216	16	12	0.0
1217	17	12	0.0
1218	18	12	0.0
1219	19	12	0.0
1220	20	12	0.0
1221	21	12	0.0
1222	22	12	0.0
1223	23	12	0.0
1224	24	12	0.0
1225	25	12	0.0
1226	26	12	0.0
1227	27	12	0.0
1228	28	12	0.0
1229	29	12	0.0
1230	30	12	0.0
1231	31	12	0.0
1232	32	12	0.0
1233	33	12	0.0
1234	34	12	0.0
1235	35	12	0.0
1236	36	12	0.0
1237	37	12	0.0
1238	38	12	0.0
1239	39	12	0.0
1240	40	12	0.0
1241	41	12	0.0
1242	42	12	0.0
1243	43	12	0.0
1244	44	12	0.0
1245	45	12	0.0
1246	46	12	0.0
1247	47	12	0.0
1248	48	12	0.0
1249	49	12	0.0
1250	50	12	0.0
1251	51	12	0.0
1252	52	12	0.0
1253	53	12	0.0
1254	54	12	0.0
1255	55	12	0.0
1256	56	12	1.0
1257	57	12	0.0
1258	58	12	0.0
1259	59	12	0.0
1260	60	12	0.0
1261	61	12	0.0
1262	62	12	0.0
1263	63	12	14.0
1264	64	12	0.0
1265	65	12	0.0
1266	66	12	0.0
1267	67	12	0.0
1268	68	12	0.0
1269	69	12	0.0
1270	70	12	0.0
1271	71	12	0.0
1272	72	12	0.0
1273	73	12	0.0
1274	74	12	0.0
1275	75	12	0.0
1276	76	12	0.0
1277	77	12	0.0
1278	78	12	0.0
1279	79	12	0.0
1280	80	12	0.0
1281	81	12	0.0
1282	82	12	0.0
1283	83	12	0.0
1284	84	12	0.0
1285	85	12	0.0
1286	86	12	0.0
1287	87	12	0.0
1288	88	12	0.0
1289	89	12	0.0
1290	90	12	0.0
1291	91	12	0.0
1292	92	12	0.0
1293	93	12	0.0
1294	94	12	0.0
1295	95	12	0.0
1296	96	12	0.0
1297	97	12	2.0
1298	98	12	0.0
1299	99	12	0.0
1300	0	13	0.0
1301	1	13	0.0
1302	2	13	0.0
1303	3	13	0.0
1304	4	13	0.0
1305	5	13	0.0
1306	6	13	0.0
1307	7	13	0.0
1308	8	13	0.0
1309	9	13	0.0
1310	10	13	0.0
1311	11	13	0.0
1312	12	13	0.0
1313	13	13	0.0
1314	14	13	0.0
1315	15	13	0.0
1316	16	13	0.0
1317	17	13	0.0
1318	18	13	0.0
1319	19	13	0.0
1320	20	13	0.0
1321	21	13	0.0
1322	22	13	0.0
1323	23	13	0.0
1324	24	13	0.0
1325	25	13	0.0
1326	26	13	0.0
1327	27	13	0.0
1328	28	13	0.0
1329	29	13	0.0
1330	30	13	0.0
1331	31	13	0.0
1332	32	13	0.0
1333	33	13	0.0
1334	34	13	0.0
1335	35	13	2.0
1336	36	13	0.0
1337	37	13	0.0
1338	38	13	0.0
1339	39	13	0.0
1340	40	13	0.0
1341	41	13	0.0
1342	42	13	0.0
1343	43	13	0.0
1344	44	13	0.0
1345	45	13	0.0
1346	46	13	0.0
1347	47	13	0.0
1348	48	13	0.0
1349	49	13	0.0
1350	50	13	0.0
1351	51	13	0.0
1352	52	13	0.0
1353	53	13	0.0
1354	54	13	0.0
1355	55	13	0.0
1356	56	13	0.0
1357	57	13	0.0
1358	58	13	0.0
1359	59	13	0.0
1360	60	13	0.0
1361	61	13	0.0
1362	62	13	0.0
1363	63	13	0.0
1364	64	13	0.0
1365	65	13	2.0
1366	66	13	1.0
1367	67	13	0.0
1368	68	13	0.0
1369	69	13	0.0
1370	70	13	0.0
1371	71	13	0.0
1372	72	13	2.0
1373	73	13	0.0
1374	74	13	0.0
1375	75	13	0.0
1376	76	13	0.0
1377	77	13	115.0
1378	78	13	0.0
1379	79	13	0.0
1380	80	13	0.0
1381	81	13	0.0
1382	82	13	0.0
1383	83	13	0.0
1384	84	13	0.0
1385	85	13	0.0
1386	86	13	0.0
1387	87	13	0.0
1388	88	13	0.0
1389	89	13	0.0
1390	90	13	0.0
1391	91	13	0.0
1392	92	13	0.0
1393	93	13	0.0
1394	94	13	0.0
1395	95	13	5.0
1396	96	13	0.0
1397	97	13	0.0
1398	98	13	0.0
1399	99	13	3.0
1400	0	14	0.0
1401	1	14	0.0
1402	2	14	0.0
1403	3	14	0.0
1404	4	14	0.0
1405	5	14	0.0
1406	6	14	0.0
1407	7	14	0.0
1408	8	14	0.0
1409	9	14	0.0
1410	10	14	0.0
1411	11	14	0.0
1412	12	14	5.0
1413	13	14	0.0
1414	14	14	0.0
1415	15	14	0.0
1416	16	14	0.0
1417	17	14	0.0
1418	18	14	0.0
1419	19	14	0.0
1420	20	14	0.0
1421	21	14	0.0
1422	22	14	0.0
1423	23	14	6.0
1424	24	14	0.0
1425	25	14	2.0
1426	26	14	0.0
1427	27	14	0.0
1428	28	14	0.0
1429	29	14	0.0
1430	30	14	0.0
1431	31	14	0.0
1432	32	14	0.0
1433	33	14	2.0
1434	34	14	0.0
1435	35	14	4.0
1436	36	14	0.0
1437	37	14	0.0
1438	38	14	0.0
1439	39	14	0.0
1440	40	14	0.0
1441	41	14	0.0
1442	42	14	0.0
1443	43	14	2.0
1444	44	14	0.0
1445	45	14	0.0
1446	46	14	219.0
1447	47	14	0.0
1448	48	14	0.0
1449	49	14	2.0
1450	50	14	6.0
1451	51	14	0.0
1452	52	14	0.0
1453	53	14	0.0
1454	54	14	2.0
1455	55	14	0.0
1456	56	14	0.0
1457	57	14	2.0
1458	58	14	0.0
1459	59	14	0.0
1460	60	14	0.0
1461	61	14	0.0
1462	62	14	1.0
1463	63	14	0.0
1464	64	14	0.0
1465	65	14	0.0
1466	66	14	0.0
1467	67	14	2.0
1468	68	14	0.0
1469	69	14	0.0
1470	70	14	6.0
1471	71	14	0.0
1472	72	14	0.0
1473	73	14	0.0
1474	74	14	0.0
1475	75	14	0.0
1476	76	14	2.0
1477	77	14	0.0
1478	78	14	0.0
1479	79	14	4.0
1480	80	14	0.0
1481	81	14	0.0
1482	82	14	0.0
1483	83	14	0.0
1484	84	14	0.0
1485	85	14	0.0
1486	86	14	0.0
1487	87	14	0.0
1488	88	14	0.0
1489	89	14	0.0
1490	90	14	0.0
1491	91	14	0.0
1492	92	14	0.0
1493	93	14	0.0
1494	94	14	0.0
1495	95	14	0.0
1496	96	14	0.0
1497	97	14	2.0
1498	98	14	0.0
1499	99	14	0.0
1500	0	15	0.0
1501	1	15	0.0
1502	2	15	0.0
1503	3	15	0.0
1504	4	15	0.0
1505	5	15	0.0
1506	6	15	0.0
1507	7	15	0.0
1508	8	15	0.0
1509	9	15	0.0
1510	10	15	0.0
1511	11	15	0.0
1512	12	15	0.0
1513	13	15	0.0
1514	14	15	0.0
1515	15	15	1.0
1516	16	15	0.0
1517	17	15	0.0
1518	18	15	0.0
1519	19	15	0.0
1520	20	15	0.0
1521	21	15	0.0
1522	22	15	0.0
1523	23	15	0.0
1524	24	15	0.0
1525	25	15	134.0
1526	26	15	0.0
1527	27	15	0.0
1528	28	15	0.0
1529	29	15	0.0
1530	30	15	0.0
1531	31	15	1.0
1532	32	15	0.0
1533	33	15	0.0
1534	34	15	0.0
1535	35	15	0.0
1536	36	15	0.0
1537	37	15	0.0
1538	38	15	0.0
1539	39	15	0.0
1540	40	15	0.0
1541	41	15	0.0
1542	42	15	0.0
1543	43	15	0.0
1544	44	15	0.0
1545	45	15	0.0
1546	46	15	0.0
1547	47	15	0.0
1548	48	15	0.0
1549	49	15	0.0
1550	50	15	0.0
1551	51	15	0.0
1552	52	15	0.0
1553	53	15	0.0
1554	54	15	0.0
1555	55	15	0.0
1556	56	15	0.0
1557	57	15	0.0
1558	58	15	0.0
1559	59	15	0.0
1560	60	15	0.0
1561	61	15	0.0
1562	62	15	0.0
1563	63	15	0.0
1564	64	15	0.0
1565	65	15	0.0
1566	66	15	0.0
1567	67	15	0.0
1568	68	15	0.0
1569	69	15	0.0
1570	70	15	0.0
1571	71	15	0.0
1572	72	15	0.0
1573	73	15	0.0
1574	74	15	0.0
1575	75	15	0.0
1576	76	15	0.0
1577	77	15	0.0
1578	78	15	0.0
1579	79	15	0.0
1580	80	15	0.0
1581	81	15	0.0
1582	82	15	0.0
1583	83	15	0.0
1584	84	15	0.0
1585	85	15	0.0
1586	86	15	0.0
1587	87	15	0.0
1588	88	15	0.0
1589	89	15	0.0
1590	90	15	0.0
1591	91	15	0.0
1592	92	15	0.0
1593	93	15	0.0
1594	94	15	0.0
1595	95	15	0.0
1596	96	15	0.0
1597	97	15	0.0
1598	98	15	0.0
1599	99	15	0.0
1600	0	16	0.0
1601	1	16	0.0
1602	2	16	0.0
1603	3	16	0.0
1604	4	16	0.0
1605	5	16	0.0
1606	6	16	0.0
1607	7	16	0.0
1608	8	16	0.0
1609	9	16	0.0
1610	10	16	0.0
1611	11	16	0.0
1612	12	16	136.0
1613	13	16	0.0
1614	14	16	0.0
1615	15	16	0.0
1616	16	16	0.0
1617	17	16	0.0
1618	18	16	0.0
1619	19	16	0.0
1620	20	16	0.0
1621	21	16	0.0
1622	22	16	0.0
1623	23	16	0.0
1624	24	16	0.0
1625	25	16	0.0
1626	26	16	0.0
1627	27	16	0.0
1628	28	16	0.0
1629	29	16	0.0
1630	30	16	0.0
1631	31	16	0.0
1632	32	16	0.0
1633	33	16	0.0
1634	34	16	0.0
1635	35	16	0.0
1636	36	16	0.0
1637	37	16	0.0
1638	38	16	0.0
1639	39	16	0.0
1640	40	16	0.0
1641	41	16	0.0
1642	42	16	0.0
1643	43	16	0.0
1644	44	16	0.0
1645	45	16	0.0
1646	46	16	1.0
1647	47	16	0.0
1648	48	16	0.0
1649	49	16	0.0
1650	50	16	0.0
1651	51	16	0.0
1652	52	16	0.0
1653	53	16	0.0
1654	54	16	0.0
1655	55	16	0.0
1656	56	16	0.0
1657	57	16	0.0
1658	58	16	0.0
1659	59	16	0.0
1660	60	16	0.0
1661	61	16	0.0
1662	62	16	0.0
1663	63	16	0.0
1664	64	16	0.0
1665	65	16	0.0
1666	66	16	1.0
1667	67	16	2.0
1668	68	16	0.0
1669	69	16	0.0
1670	70	16	0.0
1671	71	16	0.0
1672	72	16	0.0
1673	73	16	0.0
1674	74	16	0.0
1675	75	16	0.0
1676	76	16	0.0
1677	77	16	0.0
1678	78	16	0.0
1679	79	16	0.0
1680	80	16	0.0
1681	81	16	0.0
1682	82	16	0.0
1683	83	16	0.0
1684	84	16	0.0
1685	85	16	0.0
1686	86	16	0.0
1687	87	16	0.0
1688	88	16	0.0
1689	89	16	0.0
1690	90	16	0.0
1691	91	16	0.0
1692	92	16	0.0
1693	93	16	0.0
1694	94	16	0.0
1695	95	16	0.0
1696	96	16	0.0
1697	97	16	0.0
1698	98	16	0.0
1699	99	16	0.0
1700	0	17	0.0
1701	1	17	0.0
1702	2	17	0.0
1703	3	17	0.0
1704	4	17	0.0
1705	5	17	0.0
1706	6	17	0.0
1707	7	17	0.0
1708	8	17	0.0
1709	9	17	0.0
1710	10	17	0.0
1711	11	17	0.0
1712	12	17	0.0
1713	13	17	0.0
1714	14	17	0.0
1715	15	17	0.0
1716	16	17	0.0
1717	17	17	0.0
1718	18	17	0.0
1719	19	17	0.0
1720	20	17	0.0
1721	21	17	0.0
1722	22	17	0.0
1723	23	17	0.0
1724	24	17	0.0
1725	25	17	0.0
1726	26	17	0.0
1727	27	17	0.0
1728	28	17	0.0
1729	29	17	0.0
1730	30	17	3.0
1731	31	17	0.0
1732	32	17	0.0
1733	33	17	0.0
1734	34	17	0.0
1735	35	17	0.0
1736	36	17	0.0
1737	37	17	0.0
1738	38	17	0.0
1739	39	17	0.0
1740	40	17	0.0
1741	41	17	0.0
1742	42	17	0.0
1743	43	17	0.0
1744	44	17	0.0
1745	45	17	0.0
1746	46	17	0.0
1747	47	17	0.0
1748	48	17	0.0
1749	49	17	0.0
1750	50	17	0.0
1751	51	17	0.0
1752	52	17	0.0
1753	53	17	0.0
1754	54	17	0.0
1755	55	17	0.0
1756	56	17	0.0
1757	57	17	0.0
1758	58	17	0.0
1759	59	17	0.0
1760	60	17	124.0
1761	61	17	0.0
1762	62	17	0.0
1763	63	17	0.0
1764	64	17	0.0
1765	65	17	0.0
1766	66	17	4.0
1767	67	17	0.0
1768	68	17	0.0
1769	69	17	0.0
1770	70	17	0.0
1771	71	17	0.0
1772	72	17	0.0
1773	73	17	0.0
1774	74	17	0.0
1775	75	17	0.0
1776	76	17	0.0
1777	77	17	0.0
1778	78	17	0.0
1779	79	17	0.0
1780	80	17	0.0
1781	81	17	0.0
1782	82	17	0.0
1783	83	17	0.0
1784	84	17	0.0
1785	85	17	0.0
1786	86	17	0.0
1787	87	17	0.0
1788	88	17	0.0
1789	89	17	0.0
1790	90	17	0.0
1791	91	17	0.0
1792	92	17	0.0
1793	93	17	0.0
1794	94	17	0.0
1795	95	17	0.0
1796	96	17	0.0
1797	97	17	0.0
1798	98	17	0.0
1799	99	17	0.0
1800	0	18	0.0
1801	1	18	0.0
1802	2	18	0.0
1803	3	18	0.0
1804	4	18	0.0
1805	5	18	0.0
1806	6	18	0.0
1807	7	18	0.0
1808	8	18	0.0
1809	9	18	0.0
1810	10	18	0.0
1811	11	18	0.0
1812	12	18	0.0
1813	13	18	0.0
1814	14	18	0.0
1815	15	18	0.0
1816	16	18	2.0
1817	17	18	0.0
1818	18	18	0.0
1819	19	18	0.0
1820	20	18	0.0
1821	21	18	0.0
1822	22	18	0.0
1823	23	18	0.0
1824	24	18	0.0
1825	25	18	0.0
1826	26	18	0.0
1827	27	18	0.0
1828	28	18	0.0
1829	29	18	0.0
1830	30	18	0.0
1831	31	18	0.0
1832	32	18	0.0
1833	33	18	0.0
1834	34	18	0.0
1835	35	18	0.0
1836	36	18	0.0
1837	37	18	0.0
1838	38	18	0.0
1839	39	18	0.0
1840	40	18	0.0
1841	41	18	0.0
1842	42	18	0.0
1843	43	18	0.0
1844	44	18	0.0
1845	45	18	0.0
1846	46	18	0.0
1847	47	18	0.0
1848	48	18	2.0
1849	49	18	0.0
1850	50	18	0.0
1851	51	18	0.0
1852	52	18	0.0
1853	53	18	0.0
1854	54	18	0.0
1855	55	18	0.0
1856	56	18	0.0
1857	57	18	0.0
1858	58	18	0.0
1859	59	18	0.0
1860	60	18	0.0
1861	61	18	0.0
1862	62	18	0.0
1863	63	18	0.0
1864	64	18	0.0
1865	65	18	0.0
1866	66	18	0.0
1867	67	18	0.0
1868	68	18	0.0
1869	69	18	0.0
1870	70	18	0.0
1871	71	18	0.0
1872	72	18	0.0
1873	73	18	0.0
1874	74	18	0.0
1875	75	18	0.0
1876	76	18	0.0
1877	77	18	0.0
1878	78	18	0.0
1879	79	18	0.0
1880	80	18	0.0
1881	81	18	0.0
1882	82	18	0.0
1883	83	18	0.0
1884	84	18	0.0
1885	85	18	0.0
1886	86	18	0.0
1887	87	18	0.0
1888	88	18	0.0
1889	89	18	0.0
1890	90	18	0.0
1891	91	18	0.0
1892	92	18	0.0
1893	93	18	0.0
1894	94	18	0.0
1895	95	18	0.0
1896	96	18	0.0
1897	97	18	0.0
1898	98	18	0.0
1899	99	18	0.0
1900	0	20	0.0
1901	1	20	0.0
1902	2	20	0.0
1903	3	20	0.0
1904	4	20	0.0
1905	5	20	0.0
1906	6	20	0.0
1907	7	20	0.0
1908	8	20	0.0
1909	9	20	0.0
1910	10	20	0.0
1911	11	20	0.0
1912	12	20	0.0
1913	13	20	0.0
1914	14	20	4.0
1915	15	20	0.0
1916	16	20	0.0
1917	17	20	0.0
1918	18	20	0.0
1919	19	20	0.0
1920	20	20	0.0
1921	21	20	0.0
1922	22	20	0.0
1923	23	20	0.0
1924	24	20	0.0
1925	25	20	0.0
1926	26	20	0.0
1927	27	20	0.0
1928	28	20	0.0
1929	29	20	0.0
1930	30	20	0.0
1931	31	20	0.0
1932	32	20	0.0
1933	33	20	0.0
1934	34	20	0.0
1935	35	20	0.0
1936	36	20	0.0
1937	37	20	130.0
1938	38	20	0.0
1939	39	20	62.0
1940	40	20	0.0
1941	41	20	0.0
1942	42	20	0.0
1943	43	20	0.0
1944	44	20	0.0
1945	45	20	0.0
1946	46	20	0.0
1947	47	20	0.0
1948	48	20	0.0
1949	49	20	0.0
1950	50	20	0.0
1951	51	20	0.0
1952	52	20	0.0
1953	53	20	2.0
1954	54	20	0.0
1955	55	20	0.0
1956	56	20	0.0
1957	57	20	0.0
1958	58	20	0.0
1959	59	20	0.0
1960	60	20	0.0
1961	61	20	0.0
1962	62	20	0.0
1963	63	20	2.0
1964	64	20	0.0
1965	65	20	0.0
1966	66	20	0.0
1967	67	20	0.0
1968	68	20	0.0
1969	69	20	0.0
1970	70	20	0.0
1971	71	20	0.0
1972	72	20	0.0
1973	73	20	0.0
1974	74	20	0.0
1975	75	20	0.0
1976	76	20	0.0
1977	77	20	0.0
1978	78	20	0.0
1979	79	20	0.0
1980	80	20	0.0
1981	81	20	0.0
1982	82	20	0.0
1983	83	20	0.0
1984	84	20	0.0
1985	85	20	0.0
1986	86	20	0.0
1987	87	20	0.0
1988	88	20	0.0
1989	89	20	0.0
1990	90	20	0.0
1991	91	20	0.0
1992	92	20	0.0
1993	93	20	0.0
1994	94	20	0.0
1995	95	20	1.0
1996	96	20	0.0
1997	97	20	0.0
1998	98	20	0.0
1999	99	20	0.0
2000	0	21	0.0
2001	1	21	0.0
2002	2	21	0.0
2003	3	21	0.0
2004	4	21	0.0
2005	5	21	0.0
2006	6	21	0.0
2007	7	21	0.0
2008	8	21	0.0
2009	9	21	0.0
2010	10	21	0.0
2011	11	21	1.0
2012	12	21	0.0
2013	13	21	0.0
2014	14	21	0.0
2015	15	21	0.0
2016	16	21	0.0
2017	17	21	0.0
2018	18	21	0.0
2019	19	21	0.0
2020	20	21	0.0
2021	21	21	0.0
2022	22	21	5.0
2023	23	21	0.0
2024	24	21	0.0
2025	25	21	0.0
2026	26	21	0.0
2027	27	21	0.0
2028	28	21	0.0
2029	29	21	0.0
2030	30	21	0.0
2031	31	21	0.0
2032	32	21	0.0
2033	33	21	0.0
2034	34	21	138.0
2035	35	21	0.0
2036	36	21	20.0
2037	37	21	0.0
2038	38	21	0.0
2039	39	21	0.0
2040	40	21	0.0
2041	41	21	0.0
2042	42	21	0.0
2043	43	21	0.0
2044	44	21	0.0
2045	45	21	0.0
2046	46	21	4.0
2047	47	21	0.0
2048	48	21	0.0
2049	49	21	0.0
2050	50	21	0.0
2051	51	21	0.0
2052	52	21	0.0
2053	53	21	0.0
2054	54	21	0.0
2055	55	21	0.0
2056	56	21	0.0
2057	57	21	2.0
2058	58	21	0.0
2059	59	21	0.0
2060	60	21	2.0
2061	61	21	0.0
2062	62	21	1.0
2063	63	21	0.0
2064	64	21	0.0
2065	65	21	0.0
2066	66	21	1.0
2067	67	21	0.0
2068	68	21	0.0
2069	69	21	0.0
2070	70	21	0.0
2071	71	21	0.0
2072	72	21	0.0
2073	73	21	0.0
2074	74	21	0.0
2075	75	21	0.0
2076	76	21	0.0
2077	77	21	0.0
2078	78	21	0.0
2079	79	21	3.0
2080	80	21	0.0
2081	81	21	0.0
2082	82	21	0.0
2083	83	21	0.0
2084	84	21	0.0
2085	85	21	0.0
2086	86	21	0.0
2087	87	21	0.0
2088	88	21	0.0
2089	89	21	0.0
2090	90	21	0.0
2091	91	21	0.0
2092	92	21	0.0
2093	93	21	0.0
2094	94	21	0.0
2095	95	21	0.0
2096	96	21	0.0
2097	97	21	0.0
2098	98	21	0.0
2099	99	21	0.0
2100	0	22	0.0
2101	1	22	0.0
2102	2	22	0.0
2103	3	22	0.0
2104	4	22	8.0
2105	5	22	0.0
2106	6	22	0.0
2107	7	22	0.0
2108	8	22	0.0
2109	9	22	0.0
2110	10	22	0.0
2111	11	22	0.0
2112	12	22	5.0
2113	13	22	0.0
2114	14	22	0.0
2115	15	22	0.0
2116	16	22	0.0
2117	17	22	0.0
2118	18	22	0.0
2119	19	22	2.0
2120	20	22	0.0
2121	21	22	0.0
2122	22	22	0.0
2123	23	22	0.0
2124	24	22	0.0
2125	25	22	0.0
2126	26	22	0.0
2127	27	22	0.0
2128	28	22	6.0
2129	29	22	2.0
2130	30	22	3.0
2131	31	22	7.0
2132	32	22	0.0
2133	33	22	0.0
2134	34	22	0.0
2135	35	22	0.0
2136	36	22	0.0
2137	37	22	0.0
2138	38	22	0.0
2139	39	22	0.0
2140	40	22	0.0
2141	41	22	0.0
2142	42	22	0.0
2143	43	22	0.0
2144	44	22	31.0
2145	45	22	0.0
2146	46	22	2.0
2147	47	22	4.0
2148	48	22	2.0
2149	49	22	0.0
2150	50	22	0.0
2151	51	22	1.0
2152	52	22	0.0
2153	53	22	0.0
2154	54	22	0.0
2155	55	22	0.0
2156	56	22	0.0
2157	57	22	15.0
2158	58	22	0.0
2159	59	22	0.0
2160	60	22	0.0
2161	61	22	0.0
2162	62	22	0.0
2163	63	22	2.0
2164	64	22	0.0
2165	65	22	0.0
2166	66	22	1.0
2167	67	22	24.0
2168	68	22	0.0
2169	69	22	1.0
2170	70	22	1.0
2171	71	22	0.0
2172	72	22	0.0
2173	73	22	1.0
2174	74	22	3.0
2175	75	22	0.0
2176	76	22	2.0
2177	77	22	0.0
2178	78	22	0.0
2179	79	22	7.0
2180	80	22	0.0
2181	81	22	0.0
2182	82	22	0.0
2183	83	22	0.0
2184	84	22	4.0
2185	85	22	0.0
2186	86	22	0.0
2187	87	22	0.0
2188	88	22	0.0
2189	89	22	0.0
2190	90	22	0.0
2191	91	22	0.0
2192	92	22	0.0
2193	93	22	0.0
2194	94	22	0.0
2195	95	22	0.0
2196	96	22	1.0
2197	97	22	0.0
2198	98	22	3.0
2199	99	22	0.0
2200	0	23	0.0
2201	1	23	0.0
2202	2	23	0.0
2203	3	23	0.0
2204	4	23	0.0
2205	5	23	0.0
2206	6	23	0.0
2207	7	23	1.0
2208	8	23	0.0
2209	9	23	0.0
2210	10	23	0.0
2211	11	23	0.0
2212	12	23	0.0
2213	13	23	0.0
2214	14	23	0.0
2215	15	23	0.0
2216	16	23	0.0
2217	17	23	0.0
2218	18	23	0.0
2219	19	23	0.0
2220	20	23	0.0
2221	21	23	0.0
2222	22	23	0.0
2223	23	23	0.0
2224	24	23	0.0
2225	25	23	0.0
2226	26	23	0.0
2227	27	23	0.0
2228	28	23	0.0
2229	29	23	0.0
2230	30	23	2.0
2231	31	23	0.0
2232	32	23	0.0
2233	33	23	0.0
2234	34	23	4.0
2235	35	23	0.0
2236	36	23	8.0
2237	37	23	0.0
2238	38	23	0.0
2239	39	23	0.0
2240	40	23	0.0
2241	41	23	0.0
2242	42	23	31.0
2243	43	23	0.0
2244	44	23	0.0
2245	45	23	0.0
2246	46	23	0.0
2247	47	23	0.0
2248	48	23	0.0
2249	49	23	0.0
2250	50	23	1.0
2251	51	23	0.0
2252	52	23	0.0
2253	53	23	0.0
2254	54	23	11.0
2255	55	23	0.0
2256	56	23	0.0
2257	57	23	0.0
2258	58	23	0.0
2259	59	23	13.0
2260	60	23	1.0
2261	61	23	1.0
2262	62	23	0.0
2263	63	23	0.0
2264	64	23	0.0
2265	65	23	0.0
2266	66	23	0.0
2267	67	23	0.0
2268	68	23	0.0
2269	69	23	0.0
2270	70	23	0.0
2271	71	23	24.0
2272	72	23	0.0
2273	73	23	0.0
2274	74	23	0.0
2275	75	23	0.0
2276	76	23	6.0
2277	77	23	2.0
2278	78	23	0.0
2279	79	23	0.0
2280	80	23	0.0
2281	81	23	0.0
2282	82	23	0.0
2283	83	23	0.0
2284	84	23	0.0
2285	85	23	1.0
2286	86	23	0.0
2287	87	23	8.0
2288	88	23	0.0
2289	89	23	0.0
2290	90	23	0.0
2291	91	23	0.0
2292	92	23	0.0
2293	93	23	0.0
2294	94	23	0.0
2295	95	23	0.0
2296	96	23	0.0
2297	97	23	0.0
2298	98	23	0.0
2299	99	23	0.0
2300	0	24	0.0
2301	1	24	0.0
2302	2	24	0.0
2303	3	24	0.0
2304	4	24	0.0
2305	5	24	0.0
2306	6	24	0.0
2307	7	24	6.0
2308	8	24	0.0
2309	9	24	3.0
2310	10	24	0.0
2311	11	24	0.0
2312	12	24	0.0
2313	13	24	0.0
2314	14	24	0.0
2315	15	24	0.0
2316	16	24	0.0
2317	17	24	0.0
2318	18	24	0.0
2319	19	24	0.0
2320	20	24	0.0
2321	21	24	0.0
2322	22	24	0.0
2323	23	24	0.0
2324	24	24	0.0
2325	25	24	0.0
2326	26	24	0.0
2327	27	24	0.0
2328	28	24	89.0
2329	29	24	0.0
2330	30	24	0.0
2331	31	24	0.0
2332	32	24	0.0
2333	33	24	0.0
2334	34	24	0.0
2335	35	24	0.0
2336	36	24	0.0
2337	37	24	0.0
2338	38	24	0.0
2339	39	24	0.0
2340	40	24	0.0
2341	41	24	0.0
2342	42	24	0.0
2343	43	24	0.0
2344	44	24	0.0
2345	45	24	0.0
2346	46	24	0.0
2347	47	24	0.0
2348	48	24	0.0
2349	49	24	0.0
2350	50	24	0.0
2351	51	24	0.0
2352	52	24	0.0
2353	53	24	9.0
2354	54	24	0.0
2355	55	24	0.0
2356	56	24	0.0
2357	57	24	0.0
2358	58	24	0.0
2359	59	24	0.0
2360	60	24	0.0
2361	61	24	0.0
2362	62	24	0.0
2363	63	24	0.0
2364	64	24	0.0
2365	65	24	0.0
2366	66	24	0.0
2367	67	24	0.0
2368	68	24	0.0
2369	69	24	0.0
2370	70	24	0.0
2371	71	24	0.0
2372	72	24	0.0
2373	73	24	0.0
2374	74	24	0.0
2375	75	24	0.0
2376	76	24	0.0
2377	77	24	9.0
2378	78	24	0.0
2379	79	24	2.0
2380	80	24	0.0
2381	81	24	0.0
2382	82	24	0.0
2383	83	24	0.0
2384	84	24	0.0
2385	85	24	0.0
2386	86	24	0.0
2387	87	24	0.0
2388	88	24	0.0
2389	89	24	0.0
2390	90	24	0.0
2391	91	24	0.0
2392	92	24	0.0
2393	93	24	0.0
2394	94	24	0.0
2395	95	24	7.0
2396	96	24	0.0
2397	97	24	0.0
2398	98	24	3.0
2399	99	24	0.0
2400	0	25	3.0
2401	1	25	0.0
2402	2	25	0.0
2403	3	25	0.0
2404	4	25	0.0
2405	5	25	0.0
2406	6	25	0.0
2407	7	25	0.0
2408	8	25	0.0
2409	9	25	0.0
2410	10	25	0.0
2411	11	25	0.0
2412	12	25	0.0
2413	13	25	0.0
2414	14	25	0.0
2415	15	25	2.0
2416	16	25	0.0
2417	17	25	0.0
2418	18	25	0.0
2419	19	25	0.0
2420	20	25	0.0
2421	21	25	8.0
2422	22	25	0.0
2423	23	25	0.0
2424	24	25	0.0
2425	25	25	0.0
2426	26	25	0.0
2427	27	25	0.0
2428	28	25	0.0
2429	29	25	0.0
2430	30	25	0.0
2431	31	25	0.0
2432	32	25	0.0
2433	33	25	0.0
2434	34	25	0.0
2435	35	25	0.0
2436	36	25	0.0
2437	37	25	0.0
2438	38	25	0.0
2439	39	25	0.0
2440	40	25	0.0
2441	41	25	0.0
2442	42	25	0.0
2443	43	25	0.0
2444	44	25	0.0
2445	45	25	0.0
2446	46	25	0.0
2447	47	25	0.0
2448	48	25	0.0
2449	49	25	0.0
2450	50	25	0.0
2451	51	25	0.0
2452	52	25	0.0
2453	53	25	0.0
2454	54	25	0.0
2455	55	25	0.0
2456	56	25	0.0
2457	57	25	0.0
2458	58	25	0.0
2459	59	25	0.0
2460	60	25	0.0
2461	61	25	0.0
2462	62	25	0.0
2463	63	25	0.0
2464	64	25	0.0
2465	65	25	0.0
2466	66	25	0.0
2467	67	25	0.0
2468	68	25	0.0
2469	69	25	0.0
2470	70	25	0.0
2471	71	25	0.0
2472	72	25	0.0
2473	73	25	1.0
2474	74	25	0.0
2475	75	25	0.0
2476	76	25	0.0
2477	77	25	0.0
2478	78	25	0.0
2479	79	25	0.0
2480	80	25	0.0
2481	81	25	0.0
2482	82	25	0.0
2483	83	25	0.0
2484	84	25	0.0
2485	85	25	0.0
2486	86	25	0.0
2487	87	25	0.0
2488	88	25	91.0
2489	89	25	0.0
2490	90	25	0.0
2491	91	25	1.0
2492	92	25	0.0
2493	93	25	0.0
2494	94	25	0.0
2495	95	25	0.0
2496	96	25	0.0
2497	97	25	0.0
2498	98	25	0.0
2499	99	25	0.0
2500	0	26	0.0
2501	1	26	0.0
2502	2	26	0.0
2503	3	26	0.0
2504	4	26	1.0
2505	5	26	0.0
2506	6	26	0.0
2507	7	26	0.0
2508	8	26	0.0
2509	9	26	0.0
2510	10	26	0.0
2511	11	26	0.0
2512	12	26	0.0
2513	13	26	0.0
2514	14	26	0.0
2515	15	26	0.0
2516	16	26	0.0
2517	17	26	0.0
2518	18	26	0.0
2519	19	26	0.0
2520	20	26	0.0
2521	21	26	0.0
2522	22	26	0.0
2523	23	26	0.0
2524	24	26	8.0
2525	25	26	0.0
2526	26	26	0.0
2527	27	26	0.0
2528	28	26	0.0
2529	29	26	0.0
2530	30	26	17.0
2531	31	26	0.0
2532	32	26	0.0
2533	33	26	0.0
2534	34	26	12.0
2535	35	26	2.0
2536	36	26	1.0
2537	37	26	1.0
2538	38	26	0.0
2539	39	26	0.0
2540	40	26	0.0
2541	41	26	0.0
2542	42	26	0.0
2543	43	26	2.0
2544	44	26	3.0
2545	45	26	68.0
2546	46	26	0.0
2547	47	26	0.0
2548	48	26	0.0
2549	49	26	2.0
2550	50	26	0.0
2551	51	26	0.0
2552	52	26	1.0
2553	53	26	0.0
2554	54	26	12.0
2555	55	26	0.0
2556	56	26	0.0
2557	57	26	0.0
2558	58	26	0.0
2559	59	26	0.0
2560	60	26	0.0
2561	61	26	0.0
2562	62	26	0.0
2563	63	26	0.0
2564	64	26	0.0
2565	65	26	0.0
2566	66	26	1.0
2567	67	26	0.0
2568	68	26	0.0
2569	69	26	0.0
2570	70	26	0.0
2571	71	26	0.0
2572	72	26	0.0
2573	73	26	0.0
2574	74	26	0.0
2575	75	26	0.0
2576	76	26	0.0
2577	77	26	0.0
2578	78	26	0.0
2579	79	26	5.0
2580	80	26	0.0
2581	81	26	0.0
2582	82	26	0.0
2583	83	26	1.0
2584	84	26	0.0
2585	85	26	0.0
2586	86	26	0.0
2587	87	26	3.0
2588	88	26	0.0
2589	89	26	0.0
2590	90	26	3.0
2591	91	26	0.0
2592	92	26	0.0
2593	93	26	0.0
2594	94	26	1.0
2595	95	26	0.0
2596	96	26	3.0
2597	97	26	0.0
2598	98	26	0.0
2599	99	26	0.0
2600	0	27	0.0
2601	1	27	0.0
2602	2	27	1.0
2603	3	27	0.0
2604	4	27	0.0
2605	5	27	0.0
2606	6	27	0.0
2607	7	27	0.0
2608	8	27	0.0
2609	9	27	0.0
2610	10	27	66.0
2611	11	27	11.0
2612	12	27	10.0
2613	13	27	0.0
2614	14	27	0.0
2615	15	27	0.0
2616	16	27	2.0
2617	17	27	0.0
2618	18	27	0.0
2619	19	27	0.0
2620	20	27	0.0
2621	21	27	0.0
2622	22	27	0.0
2623	23	27	0.0
2624	24	27	0.0
2625	25	27	0.0
2626	26	27	0.0
2627	27	27	0.0
2628	28	27	0.0
2629	29	27	0.0
2630	30	27	0.0
2631	31	27	0.0
2632	32	27	0.0
2633	33	27	0.0
2634	34	27	0.0
2635	35	27	0.0
2636	36	27	0.0
2637	37	27	0.0
2638	38	27	0.0
2639	39	27	0.0
2640	40	27	0.0
2641	41	27	1.0
2642	42	27	0.0
2643	43	27	0.0
2644	44	27	0.0
2645	45	27	0.0
2646	46	27	0.0
2647	47	27	0.0
2648	48	27	0.0
2649	49	27	0.0
2650	50	27	0.0
2651	51	27	0.0
2652	52	27	0.0
2653	53	27	0.0
2654	54	27	0.0
2655	55	27	0.0
2656	56	27	0.0
2657	57	27	0.0
2658	58	27	2.0
2659	59	27	0.0
2660	60	27	0.0
2661	61	27	0.0
2662	62	27	123.0
2663	63	27	0.0
2664	64	27	1.0
2665	65	27	0.0
2666	66	27	4.0
2667	67	27	0.0
2668	68	27	0.0
2669	69	27	0.0
2670	70	27	45.0
2671	71	27	0.0
2672	72	27	11.0
2673	73	27	0.0
2674	74	27	0.0
2675	75	27	0.0
2676	76	27	0.0
2677	77	27	0.0
2678	78	27	0.0
2679	79	27	0.0
2680	80	27	0.0
2681	81	27	0.0
2682	82	27	0.0
2683	83	27	0.0
2684	84	27	0.0
2685	85	27	0.0
2686	86	27	0.0
2687	87	27	0.0
2688	88	27	0.0
2689	89	27	0.0
2690	90	27	0.0
2691	91	27	0.0
2692	92	27	0.0
2693	93	27	0.0
2694	94	27	0.0
2695	95	27	0.0
2696	96	27	4.0
2697	97	27	0.0
2698	98	27	0.0
2699	99	27	0.0
2700	0	28	0.0
2701	1	28	0.0
2702	2	28	0.0
2703	3	28	0.0
2704	4	28	0.0
2705	5	28	0.0
2706	6	28	0.0
2707	7	28	0.0
2708	8	28	0.0
2709	9	28	0.0
2710	10	28	0.0
2711	11	28	0.0
2712	12	28	16.0
2713	13	28	0.0
2714	14	28	0.0
2715	15	28	0.0
2716	16	28	0.0
2717	17	28	0.0
2718	18	28	0.0
2719	19	28	0.0
2720	20	28	0.0
2721	21	28	0.0
2722	22	28	0.0
2723	23	28	0.0
2724	24	28	0.0
2725	25	28	0.0
2726	26	28	0.0
2727	27	28	0.0
2728	28	28	0.0
2729	29	28	0.0
2730	30	28	0.0
2731	31	28	0.0
2732	32	28	0.0
2733	33	28	0.0
2734	34	28	0.0
2735	35	28	0.0
2736	36	28	0.0
2737	37	28	0.0
2738	38	28	0.0
2739	39	28	0.0
2740	40	28	0.0
2741	41	28	0.0
2742	42	28	0.0
2743	43	28	0.0
2744	44	28	0.0
2745	45	28	0.0
2746	46	28	0.0
2747	47	28	0.0
2748	48	28	0.0
2749	49	28	0.0
2750	50	28	0.0
2751	51	28	0.0
2752	52	28	2.0
2753	53	28	0.0
2754	54	28	0.0
2755	55	28	0.0
2756	56	28	0.0
2757	57	28	0.0
2758	58	28	0.0
2759	59	28	0.0
2760	60	28	0.0
2761	61	28	0.0
2762	62	28	0.0
2763	63	28	0.0
2764	64	28	0.0
2765	65	28	0.0
2766	66	28	0.0
2767	67	28	0.0
2768	68	28	0.0
2769	69	28	0.0
2770	70	28	0.0
2771	71	28	0.0
2772	72	28	0.0
2773	73	28	0.0
2774	74	28	0.0
2775	75	28	0.0
2776	76	28	0.0
2777	77	28	0.0
2778	78	28	0.0
2779	79	28	0.0
2780	80	28	0.0
2781	81	28	0.0
2782	82	28	0.0
2783	83	28	0.0
2784	84	28	0.0
2785	85	28	0.0
2786	86	28	0.0
2787	87	28	0.0
2788	88	28	0.0
2789	89	28	0.0
2790	90	28	0.0
2791	91	28	0.0
2792	92	28	0.0
2793	93	28	0.0
2794	94	28	0.0
2795	95	28	0.0
2796	96	28	0.0
2797	97	28	0.0
2798	98	28	0.0
2799	99	28	0.0
2800	0	29	0.0
2801	1	29	0.0
2802	2	29	2.0
2803	3	29	0.0
2804	4	29	0.0
2805	5	29	0.0
2806	6	29	0.0
2807	7	29	0.0
2808	8	29	0.0
2809	9	29	0.0
2810	10	29	0.0
2811	11	29	0.0
2812	12	29	0.0
2813	13	29	0.0
2814	14	29	0.0
2815	15	29	0.0
2816	16	29	0.0
2817	17	29	0.0
2818	18	29	0.0
2819	19	29	0.0
2820	20	29	0.0
2821	21	29	0.0
2822	22	29	0.0
2823	23	29	0.0
2824	24	29	0.0
2825	25	29	0.0
2826	26	29	0.0
2827	27	29	0.0
2828	28	29	0.0
2829	29	29	0.0
2830	30	29	0.0
2831	31	29	0.0
2832	32	29	3.0
2833	33	29	22.0
2834	34	29	0.0
2835	35	29	2.0
2836	36	29	0.0
2837	37	29	0.0
2838	38	29	0.0
2839	39	29	0.0
2840	40	29	0.0
2841	41	29	0.0
2842	42	29	1.0
2843	43	29	0.0
2844	44	29	0.0
2845	45	29	0.0
2846	46	29	0.0
2847	47	29	0.0
2848	48	29	0.0
2849	49	29	0.0
2850	50	29	0.0
2851	51	29	0.0
2852	52	29	0.0
2853	53	29	0.0
2854	54	29	0.0
2855	55	29	0.0
2856	56	29	0.0
2857	57	29	0.0
2858	58	29	0.0
2859	59	29	0.0
2860	60	29	0.0
2861	61	29	0.0
2862	62	29	0.0
2863	63	29	0.0
2864	64	29	0.0
2865	65	29	0.0
2866	66	29	1.0
2867	67	29	1.0
2868	68	29	0.0
2869	69	29	0.0
2870	70	29	0.0
2871	71	29	20.0
2872	72	29	0.0
2873	73	29	98.0
2874	74	29	0.0
2875	75	29	0.0
2876	76	29	0.0
2877	77	29	0.0
2878	78	29	0.0
2879	79	29	0.0
2880	80	29	0.0
2881	81	29	0.0
2882	82	29	0.0
2883	83	29	0.0
2884	84	29	0.0
2885	85	29	0.0
2886	86	29	0.0
2887	87	29	0.0
2888	88	29	59.0
2889	89	29	0.0
2890	90	29	0.0
2891	91	29	0.0
2892	92	29	2.0
2893	93	29	0.0
2894	94	29	0.0
2895	95	29	0.0
2896	96	29	0.0
2897	97	29	0.0
2898	98	29	0.0
2899	99	29	0.0
2900	0	30	0.0
2901	1	30	0.0
2902	2	30	1.0
2903	3	30	0.0
2904	4	30	0.0
2905	5	30	0.0
2906	6	30	0.0
2907	7	30	0.0
2908	8	30	0.0
2909	9	30	0.0
2910	10	30	0.0
2911	11	30	0.0
2912	12	30	146.0
2913	13	30	0.0
2914	14	30	0.0
2915	15	30	0.0
2916	16	30	0.0
2917	17	30	0.0
2918	18	30	0.0
2919	19	30	0.0
2920	20	30	0.0
2921	21	30	0.0
2922	22	30	0.0
2923	23	30	0.0
2924	24	30	0.0
2925	25	30	0.0
2926	26	30	0.0
2927	27	30	0.0
2928	28	30	2.0
2929	29	30	1.0
2930	30	30	1.0
2931	31	30	5.0
2932	32	30	0.0
2933	33	30	0.0
2934	34	30	0.0
2935	35	30	3.0
2936	36	30	0.0
2937	37	30	0.0
2938	38	30	0.0
2939	39	30	2.0
2940	40	30	0.0
2941	41	30	0.0
2942	42	30	0.0
2943	43	30	0.0
2944	44	30	0.0
2945	45	30	0.0
2946	46	30	0.0
2947	47	30	0.0
2948	48	30	2.0
2949	49	30	0.0
2950	50	30	0.0
2951	51	30	0.0
2952	52	30	0.0
2953	53	30	0.0
2954	54	30	0.0
2955	55	30	0.0
2956	56	30	0.0
2957	57	30	2.0
2958	58	30	0.0
2959	59	30	0.0
2960	60	30	0.0
2961	61	30	0.0
2962	62	30	0.0
2963	63	30	0.0
2964	64	30	0.0
2965	65	30	0.0
2966	66	30	0.0
2967	67	30	0.0
2968	68	30	0.0
2969	69	30	0.0
2970	70	30	0.0
2971	71	30	0.0
2972	72	30	0.0
2973	73	30	0.0
2974	74	30	0.0
2975	75	30	0.0
2976	76	30	0.0
2977	77	30	0.0
2978	78	30	0.0
2979	79	30	0.0
2980	80	30	0.0
2981	81	30	26.0
2982	82	30	0.0
2983	83	30	0.0
2984	84	30	0.0
2985	85	30	0.0
2986	86	30	0.0
2987	87	30	0.0
2988	88	30	0.0
2989	89	30	0.0
2990	90	30	0.0
2991	91	30	0.0
2992	92	30	0.0
2993	93	30	0.0
2994	94	30	0.0
2995	95	30	3.0
2996	96	30	1.0
2997	97	30	0.0
2998	98	30	0.0
2999	99	30	0.0
3000	0	31	0.0
3001	1	31	0.0
3002	2	31	0.0
3003	3	31	1.0
3004	4	31	0.0
3005	5	31	0.0
3006	6	31	1.0
3007	7	31	0.0
3008	8	31	0.0
3009	9	31	0.0
3010	10	31	0.0
3011	11	31	0.0
3012	12	31	0.0
3013	13	31	0.0
3014	14	31	0.0
3015	15	31	0.0
3016	16	31	0.0
3017	17	31	0.0
3018	18	31	0.0
3019	19	31	0.0
3020	20	31	0.0
3021	21	31	0.0
3022	22	31	0.0
3023	23	31	0.0
3024	24	31	1.0
3025	25	31	1.0
3026	26	31	0.0
3027	27	31	0.0
3028	28	31	0.0
3029	29	31	0.0
3030	30	31	0.0
3031	31	31	8.0
3032	32	31	0.0
3033	33	31	0.0
3034	34	31	0.0
3035	35	31	0.0
3036	36	31	0.0
3037	37	31	0.0
3038	38	31	0.0
3039	39	31	0.0
3040	40	31	0.0
3041	41	31	0.0
3042	42	31	0.0
3043	43	31	0.0
3044	44	31	2.0
3045	45	31	0.0
3046	46	31	0.0
3047	47	31	5.0
3048	48	31	0.0
3049	49	31	0.0
3050	50	31	0.0
3051	51	31	151.0
3052	52	31	0.0
3053	53	31	0.0
3054	54	31	0.0
3055	55	31	0.0
3056	56	31	0.0
3057	57	31	0.0
3058	58	31	0.0
3059	59	31	0.0
3060	60	31	0.0
3061	61	31	0.0
3062	62	31	2.0
3063	63	31	0.0
3064	64	31	0.0
3065	65	31	0.0
3066	66	31	0.0
3067	67	31	0.0
3068	68	31	0.0
3069	69	31	1.0
3070	70	31	0.0
3071	71	31	0.0
3072	72	31	0.0
3073	73	31	0.0
3074	74	31	0.0
3075	75	31	0.0
3076	76	31	1.0
3077	77	31	0.0
3078	78	31	0.0
3079	79	31	0.0
3080	80	31	0.0
3081	81	31	0.0
3082	82	31	0.0
3083	83	31	0.0
3084	84	31	0.0
3085	85	31	0.0
3086	86	31	0.0
3087	87	31	0.0
3088	88	31	0.0
3089	89	31	0.0
3090	90	31	0.0
3091	91	31	0.0
3092	92	31	1.0
3093	93	31	0.0
3094	94	31	0.0
3095	95	31	0.0
3096	96	31	0.0
3097	97	31	0.0
3098	98	31	0.0
3099	99	31	0.0
3100	0	32	0.0
3101	1	32	0.0
3102	2	32	0.0
3103	3	32	0.0
3104	4	32	0.0
3105	5	32	0.0
3106	6	32	0.0
3107	7	32	0.0
3108	8	32	1.0
3109	9	32	1.0
3110	10	32	0.0
3111	11	32	170.0
3112	12	32	0.0
3113	13	32	0.0
3114	14	32	0.0
3115	15	32	0.0
3116	16	32	0.0
3117	17	32	0.0
3118	18	32	0.0
3119	19	32	0.0
3120	20	32	0.0
3121	21	32	9.0
3122	22	32	0.0
3123	23	32	0.0
3124	24	32	0.0
3125	25	32	0.0
3126	26	32	0.0
3127	27	32	0.0
3128	28	32	0.0
3129	29	32	0.0
3130	30	32	0.0
3131	31	32	0.0
3132	32	32	0.0
3133	33	32	0.0
3134	34	32	0.0
3135	35	32	0.0
3136	36	32	0.0
3137	37	32	0.0
3138	38	32	0.0
3139	39	32	0.0
3140	40	32	0.0
3141	41	32	0.0
3142	42	32	0.0
3143	43	32	0.0
3144	44	32	0.0
3145	45	32	0.0
3146	46	32	0.0
3147	47	32	0.0
3148	48	32	0.0
3149	49	32	0.0
3150	50	32	0.0
3151	51	32	0.0
3152	52	32	0.0
3153	53	32	0.0
3154	54	32	0.0
3155	55	32	0.0
3156	56	32	0.0
3157	57	32	0.0
3158	58	32	0.0
3159	59	32	0.0
3160	60	32	0.0
3161	61	32	0.0
3162	62	32	0.0
3163	63	32	0.0
3164	64	32	0.0
3165	65	32	0.0
3166	66	32	0.0
3167	67	32	0.0
3168	68	32	0.0
3169	69	32	0.0
3170	70	32	0.0
3171	71	32	0.0
3172	72	32	0.0
3173	73	32	0.0
3174	74	32	0.0
3175	75	32	0.0
3176	76	32	0.0
3177	77	32	0.0
3178	78	32	0.0
3179	79	32	1.0
3180	80	32	0.0
3181	81	32	0.0
3182	82	32	0.0
3183	83	32	0.0
3184	84	32	0.0
3185	85	32	1.0
3186	86	32	0.0
3187	87	32	0.0
3188	88	32	2.0
3189	89	32	0.0
3190	90	32	0.0
3191	91	32	0.0
3192	92	32	0.0
3193	93	32	0.0
3194	94	32	0.0
3195	95	32	0.0
3196	96	32	0.0
3197	97	32	0.0
3198	98	32	0.0
3199	99	32	0.0
3200	0	33	4.0
3201	1	33	0.0
3202	2	33	0.0
3203	3	33	0.0
3204	4	33	0.0
3205	5	33	0.0
3206	6	33	0.0
3207	7	33	0.0
3208	8	33	0.0
3209	9	33	0.0
3210	10	33	0.0
3211	11	33	0.0
3212	12	33	0.0
3213	13	33	0.0
3214	14	33	0.0
3215	15	33	0.0
3216	16	33	0.0
3217	17	33	0.0
3218	18	33	0.0
3219	19	33	0.0
3220	20	33	0.0
3221	21	33	0.0
3222	22	33	0.0
3223	23	33	0.0
3224	24	33	0.0
3225	25	33	0.0
3226	26	33	0.0
3227	27	33	0.0
3228	28	33	0.0
3229	29	33	104.0
3230	30	33	0.0
3231	31	33	2.0
3232	32	33	0.0
3233	33	33	0.0
3234	34	33	0.0
3235	35	33	0.0
3236	36	33	0.0
3237	37	33	0.0
3238	38	33	0.0
3239	39	33	0.0
3240	40	33	0.0
3241	41	33	0.0
3242	42	33	0.0
3243	43	33	0.0
3244	44	33	0.0
3245	45	33	0.0
3246	46	33	0.0
3247	47	33	0.0
3248	48	33	0.0
3249	49	33	0.0
3250	50	33	0.0
3251	51	33	0.0
3252	52	33	0.0
3253	53	33	0.0
3254	54	33	0.0
3255	55	33	0.0
3256	56	33	0.0
3257	57	33	0.0
3258	58	33	0.0
3259	59	33	0.0
3260	60	33	0.0
3261	61	33	0.0
3262	62	33	0.0
3263	63	33	0.0
3264	64	33	0.0
3265	65	33	0.0
3266	66	33	0.0
3267	67	33	0.0
3268	68	33	0.0
3269	69	33	0.0
3270	70	33	0.0
3271	71	33	0.0
3272	72	33	0.0
3273	73	33	0.0
3274	74	33	0.0
3275	75	33	0.0
3276	76	33	0.0
3277	77	33	0.0
3278	78	33	0.0
3279	79	33	0.0
3280	80	33	0.0
3281	81	33	17.0
3282	82	33	0.0
3283	83	33	0.0
3284	84	33	0.0
3285	85	33	0.0
3286	86	33	0.0
3287	87	33	0.0
3288	88	33	0.0
3289	89	33	0.0
3290	90	33	0.0
3291	91	33	0.0
3292	92	33	0.0
3293	93	33	0.0
3294	94	33	0.0
3295	95	33	0.0
3296	96	33	0.0
3297	97	33	0.0
3298	98	33	0.0
3299	99	33	0.0
3300	0	34	0.0
3301	1	34	0.0
3302	2	34	0.0
3303	3	34	0.0
3304	4	34	0.0
3305	5	34	0.0
3306	6	34	0.0
3307	7	34	0.0
3308	8	34	0.0
3309	9	34	0.0
3310	10	34	0.0
3311	11	34	0.0
3312	12	34	0.0
3313	13	34	2.0
3314	14	34	60.0
3315	15	34	0.0
3316	16	34	0.0
3317	17	34	0.0
3318	18	34	2.0
3319	19	34	0.0
3320	20	34	0.0
3321	21	34	0.0
3322	22	34	0.0
3323	23	34	0.0
3324	24	34	6.0
3325	25	34	0.0
3326	26	34	0.0
3327	27	34	0.0
3328	28	34	0.0
3329	29	34	0.0
3330	30	34	0.0
3331	31	34	0.0
3332	32	34	17.0
3333	33	34	1.0
3334	34	34	0.0
3335	35	34	0.0
3336	36	34	0.0
3337	37	34	0.0
3338	38	34	0.0
3339	39	34	0.0
3340	40	34	0.0
3341	41	34	0.0
3342	42	34	0.0
3343	43	34	0.0
3344	44	34	0.0
3345	45	34	6.0
3346	46	34	0.0
3347	47	34	0.0
3348	48	34	1.0
3349	49	34	0.0
3350	50	34	2.0
3351	51	34	0.0
3352	52	34	0.0
3353	53	34	0.0
3354	54	34	3.0
3355	55	34	0.0
3356	56	34	0.0
3357	57	34	0.0
3358	58	34	0.0
3359	59	34	0.0
3360	60	34	5.0
3361	61	34	0.0
3362	62	34	2.0
3363	63	34	0.0
3364	64	34	0.0
3365	65	34	0.0
3366	66	34	0.0
3367	67	34	2.0
3368	68	34	0.0
3369	69	34	0.0
3370	70	34	0.0
3371	71	34	0.0
3372	72	34	0.0
3373	73	34	0.0
3374	74	34	0.0
3375	75	34	0.0
3376	76	34	0.0
3377	77	34	0.0
3378	78	34	2.0
3379	79	34	4.0
3380	80	34	4.0
3381	81	34	0.0
3382	82	34	0.0
3383	83	34	0.0
3384	84	34	0.0
3385	85	34	0.0
3386	86	34	0.0
3387	87	34	0.0
3388	88	34	0.0
3389	89	34	0.0
3390	90	34	0.0
3391	91	34	0.0
3392	92	34	27.0
3393	93	34	0.0
3394	94	34	0.0
3395	95	34	0.0
3396	96	34	3.0
3397	97	34	0.0
3398	98	34	0.0
3399	99	34	0.0
3400	0	35	0.0
3401	1	35	0.0
3402	2	35	0.0
3403	3	35	0.0
3404	4	35	0.0
3405	5	35	0.0
3406	6	35	0.0
3407	7	35	0.0
3408	8	35	0.0
3409	9	35	0.0
3410	10	35	0.0
3411	11	35	0.0
3412	12	35	0.0
3413	13	35	0.0
3414	14	35	0.0
3415	15	35	2.0
3416	16	35	0.0
3417	17	35	0.0
3418	18	35	0.0
3419	19	35	0.0
3420	20	35	5.0
3421	21	35	0.0
3422	22	35	0.0
3423	23	35	0.0
3424	24	35	0.0
3425	25	35	0.0
3426	26	35	0.0
3427	27	35	0.0
3428	28	35	0.0
3429	29	35	69.0
3430	30	35	0.0
3431	31	35	0.0
3432	32	35	0.0
3433	33	35	0.0
3434	34	35	0.0
3435	35	35	0.0
3436	36	35	0.0
3437	37	35	0.0
3438	38	35	0.0
3439	39	35	0.0
3440	40	35	0.0
3441	41	35	0.0
3442	42	35	0.0
3443	43	35	0.0
3444	44	35	0.0
3445	45	35	0.0
3446	46	35	0.0
3447	47	35	0.0
3448	48	35	0.0
3449	49	35	0.0
3450	50	35	0.0
3451	51	35	0.0
3452	52	35	4.0
3453	53	35	0.0
3454	54	35	0.0
3455	55	35	0.0
3456	56	35	0.0
3457	57	35	0.0
3458	58	35	0.0
3459	59	35	0.0
3460	60	35	0.0
3461	61	35	0.0
3462	62	35	0.0
3463	63	35	2.0
3464	64	35	0.0
3465	65	35	0.0
3466	66	35	1.0
3467	67	35	0.0
3468	68	35	0.0
3469	69	35	0.0
3470	70	35	0.0
3471	71	35	0.0
3472	72	35	0.0
3473	73	35	0.0
3474	74	35	0.0
3475	75	35	0.0
3476	76	35	0.0
3477	77	35	0.0
3478	78	35	0.0
3479	79	35	3.0
3480	80	35	0.0
3481	81	35	39.0
3482	82	35	0.0
3483	83	35	0.0
3484	84	35	0.0
3485	85	35	0.0
3486	86	35	0.0
3487	87	35	0.0
3488	88	35	0.0
3489	89	35	0.0
3490	90	35	0.0
3491	91	35	0.0
3492	92	35	2.0
3493	93	35	0.0
3494	94	35	0.0
3495	95	35	0.0
3496	96	35	0.0
3497	97	35	0.0
3498	98	35	0.0
3499	99	35	0.0
3500	0	36	0.0
3501	1	36	0.0
3502	2	36	0.0
3503	3	36	0.0
3504	4	36	0.0
3505	5	36	0.0
3506	6	36	0.0
3507	7	36	0.0
3508	8	36	0.0
3509	9	36	0.0
3510	10	36	0.0
3511	11	36	0.0
3512	12	36	0.0
3513	13	36	0.0
3514	14	36	0.0
3515	15	36	0.0
3516	16	36	0.0
3517	17	36	0.0
3518	18	36	0.0
3519	19	36	0.0
3520	20	36	0.0
3521	21	36	0.0
3522	22	36	0.0
3523	23	36	0.0
3524	24	36	0.0
3525	25	36	0.0
3526	26	36	0.0
3527	27	36	0.0
3528	28	36	0.0
3529	29	36	0.0
3530	30	36	0.0
3531	31	36	0.0
3532	32	36	0.0
3533	33	36	0.0
3534	34	36	0.0
3535	35	36	0.0
3536	36	36	0.0
3537	37	36	0.0
3538	38	36	0.0
3539	39	36	0.0
3540	40	36	0.0
3541	41	36	0.0
3542	42	36	0.0
3543	43	36	0.0
3544	44	36	0.0
3545	45	36	2.0
3546	46	36	0.0
3547	47	36	0.0
3548	48	36	0.0
3549	49	36	0.0
3550	50	36	0.0
3551	51	36	0.0
3552	52	36	0.0
3553	53	36	0.0
3554	54	36	0.0
3555	55	36	0.0
3556	56	36	0.0
3557	57	36	0.0
3558	58	36	0.0
3559	59	36	0.0
3560	60	36	0.0
3561	61	36	0.0
3562	62	36	0.0
3563	63	36	0.0
3564	64	36	0.0
3565	65	36	3.0
3566	66	36	0.0
3567	67	36	0.0
3568	68	36	0.0
3569	69	36	0.0
3570	70	36	0.0
3571	71	36	0.0
3572	72	36	0.0
3573	73	36	0.0
3574	74	36	0.0
3575	75	36	0.0
3576	76	36	0.0
3577	77	36	0.0
3578	78	36	0.0
3579	79	36	0.0
3580	80	36	0.0
3581	81	36	0.0
3582	82	36	0.0
3583	83	36	0.0
3584	84	36	0.0
3585	85	36	0.0
3586	86	36	0.0
3587	87	36	0.0
3588	88	36	0.0
3589	89	36	0.0
3590	90	36	0.0
3591	91	36	0.0
3592	92	36	0.0
3593	93	36	0.0
3594	94	36	0.0
3595	95	36	0.0
3596	96	36	0.0
3597	97	36	0.0
3598	98	36	0.0
3599	99	36	0.0
3600	0	37	0.0
3601	1	37	0.0
3602	2	37	0.0
3603	3	37	0.0
3604	4	37	0.0
3605	5	37	0.0
3606	6	37	0.0
3607	7	37	0.0
3608	8	37	0.0
3609	9	37	0.0
3610	10	37	0.0
3611	11	37	0.0
3612	12	37	0.0
3613	13	37	0.0
3614	14	37	0.0
3615	15	37	0.0
3616	16	37	0.0
3617	17	37	0.0
3618	18	37	0.0
3619	19	37	1.0
3620	20	37	0.0
3621	21	37	0.0
3622	22	37	0.0
3623	23	37	0.0
3624	24	37	0.0
3625	25	37	0.0
3626	26	37	0.0
3627	27	37	0.0
3628	28	37	0.0
3629	29	37	0.0
3630	30	37	0.0
3631	31	37	0.0
3632	32	37	0.0
3633	33	37	0.0
3634	34	37	0.0
3635	35	37	0.0
3636	36	37	0.0
3637	37	37	0.0
3638	38	37	0.0
3639	39	37	0.0
3640	40	37	0.0
3641	41	37	0.0
3642	42	37	0.0
3643	43	37	0.0
3644	44	37	0.0
3645	45	37	0.0
3646	46	37	0.0
3647	47	37	0.0
3648	48	37	0.0
3649	49	37	0.0
3650	50	37	0.0
3651	51	37	0.0
3652	52	37	0.0
3653	53	37	0.0
3654	54	37	0.0
3655	55	37	0.0
3656	56	37	0.0
3657	57	37	0.0
3658	58	37	1.0
3659	59	37	0.0
3660	60	37	0.0
3661	61	37	0.0
3662	62	37	0.0
3663	63	37	0.0
3664	64	37	0.0
3665	65	37	0.0
3666	66	37	0.0
3667	67	37	0.0
3668	68	37	0.0
3669	69	37	0.0
3670	70	37	0.0
3671	71	37	0.0
3672	72	37	0.0
3673	73	37	0.0
3674	74	37	0.0
3675	75	37	0.0
3676	76	37	0.0
3677	77	37	0.0
3678	78	37	0.0
3679	79	37	3.0
3680	80	37	171.0
3681	81	37	0.0
3682	82	37	0.0
3683	83	37	0.0
3684	84	37	0.0
3685	85	37	0.0
3686	86	37	0.0
3687	87	37	0.0
3688	88	37	0.0
3689	89	37	0.0
3690	90	37	0.0
3691	91	37	0.0
3692	92	37	0.0
3693	93	37	0.0
3694	94	37	0.0
3695	95	37	0.0
3696	96	37	2.0
3697	97	37	0.0
3698	98	37	0.0
3699	99	37	0.0
3700	0	38	0.0
3701	1	38	0.0
3702	2	38	0.0
3703	3	38	0.0
3704	4	38	0.0
3705	5	38	0.0
3706	6	38	0.0
3707	7	38	0.0
3708	8	38	0.0
3709	9	38	0.0
3710	10	38	0.0
3711	11	38	0.0
3712	12	38	0.0
3713	13	38	107.0
3714	14	38	0.0
3715	15	38	0.0
3716	16	38	0.0
3717	17	38	0.0
3718	18	38	0.0
3719	19	38	0.0
3720	20	38	0.0
3721	21	38	0.0
3722	22	38	0.0
3723	23	38	0.0
3724	24	38	2.0
3725	25	38	0.0
3726	26	38	0.0
3727	27	38	0.0
3728	28	38	0.0
3729	29	38	0.0
3730	30	38	0.0
3731	31	38	0.0
3732	32	38	0.0
3733	33	38	0.0
3734	34	38	0.0
3735	35	38	0.0
3736	36	38	0.0
3737	37	38	0.0
3738	38	38	0.0
3739	39	38	0.0
3740	40	38	0.0
3741	41	38	0.0
3742	42	38	0.0
3743	43	38	0.0
3744	44	38	0.0
3745	45	38	0.0
3746	46	38	0.0
3747	47	38	0.0
3748	48	38	0.0
3749	49	38	0.0
3750	50	38	0.0
3751	51	38	0.0
3752	52	38	0.0
3753	53	38	0.0
3754	54	38	0.0
3755	55	38	0.0
3756	56	38	0.0
3757	57	38	0.0
3758	58	38	0.0
3759	59	38	0.0
3760	60	38	0.0
3761	61	38	0.0
3762	62	38	0.0
3763	63	38	0.0
3764	64	38	0.0
3765	65	38	0.0
3766	66	38	0.0
3767	67	38	0.0
3768	68	38	0.0
3769	69	38	0.0
3770	70	38	0.0
3771	71	38	0.0
3772	72	38	0.0
3773	73	38	0.0
3774	74	38	0.0
3775	75	38	0.0
3776	76	38	0.0
3777	77	38	0.0
3778	78	38	0.0
3779	79	38	0.0
3780	80	38	0.0
3781	81	38	0.0
3782	82	38	0.0
3783	83	38	0.0
3784	84	38	0.0
3785	85	38	0.0
3786	86	38	0.0
3787	87	38	0.0
3788	88	38	0.0
3789	89	38	0.0
3790	90	38	0.0
3791	91	38	0.0
3792	92	38	0.0
3793	93	38	0.0
3794	94	38	0.0
3795	95	38	0.0
3796	96	38	0.0
3797	97	38	0.0
3798	98	38	0.0
3799	99	38	0.0
3800	0	39	0.0
3801	1	39	0.0
3802	2	39	0.0
3803	3	39	1.0
3804	4	39	0.0
3805	5	39	1.0
3806	6	39	0.0
3807	7	39	0.0
3808	8	39	0.0
3809	9	39	0.0
3810	10	39	0.0
3811	11	39	0.0
3812	12	39	0.0
3813	13	39	0.0
3814	14	39	0.0
3815	15	39	0.0
3816	16	39	0.0
3817	17	39	1.0
3818	18	39	0.0
3819	19	39	0.0
3820	20	39	0.0
3821	21	39	0.0
3822	22	39	0.0
3823	23	39	0.0
3824	24	39	1.0
3825	25	39	10.0
3826	26	39	0.0
3827	27	39	0.0
3828	28	39	0.0
3829	29	39	0.0
3830	30	39	0.0
3831	31	39	0.0
3832	32	39	5.0
3833	33	39	0.0
3834	34	39	0.0
3835	35	39	0.0
3836	36	39	0.0
3837	37	39	0.0
3838	38	39	0.0
3839	39	39	0.0
3840	40	39	0.0
3841	41	39	0.0
3842	42	39	4.0
3843	43	39	0.0
3844	44	39	0.0
3845	45	39	0.0
3846	46	39	0.0
3847	47	39	0.0
3848	48	39	0.0
3849	49	39	0.0
3850	50	39	0.0
3851	51	39	0.0
3852	52	39	0.0
3853	53	39	0.0
3854	54	39	2.0
3855	55	39	0.0
3856	56	39	0.0
3857	57	39	0.0
3858	58	39	0.0
3859	59	39	0.0
3860	60	39	0.0
3861	61	39	0.0
3862	62	39	0.0
3863	63	39	0.0
3864	64	39	0.0
3865	65	39	0.0
3866	66	39	5.0
3867	67	39	2.0
3868	68	39	0.0
3869	69	39	0.0
3870	70	39	0.0
3871	71	39	8.0
3872	72	39	0.0
3873	73	39	4.0
3874	74	39	0.0
3875	75	39	0.0
3876	76	39	4.0
3877	77	39	0.0
3878	78	39	0.0
3879	79	39	0.0
3880	80	39	2.0
3881	81	39	0.0
3882	82	39	0.0
3883	83	39	0.0
3884	84	39	0.0
3885	85	39	2.0
3886	86	39	0.0
3887	87	39	0.0
3888	88	39	0.0
3889	89	39	0.0
3890	90	39	0.0
3891	91	39	0.0
3892	92	39	6.0
3893	93	39	0.0
3894	94	39	0.0
3895	95	39	0.0
3896	96	39	0.0
3897	97	39	0.0
3898	98	39	0.0
3899	99	39	0.0
3900	0	40	0.0
3901	1	40	0.0
3902	2	40	0.0
3903	3	40	0.0
3904	4	40	0.0
3905	5	40	0.0
3906	6	40	0.0
3907	7	40	0.0
3908	8	40	1.0
3909	9	40	0.0
3910	10	40	0.0
3911	11	40	0.0
3912	12	40	0.0
3913	13	40	17.0
3914	14	40	1.0
3915	15	40	0.0
3916	16	40	0.0
3917	17	40	1.0
3918	18	40	0.0
3919	19	40	0.0
3920	20	40	2.0
3921	21	40	0.0
3922	22	40	0.0
3923	23	40	0.0
3924	24	40	30.0
3925	25	40	0.0
3926	26	40	0.0
3927	27	40	0.0
3928	28	40	0.0
3929	29	40	0.0
3930	30	40	0.0
3931	31	40	0.0
3932	32	40	2.0
3933	33	40	3.0
3934	34	40	0.0
3935	35	40	1.0
3936	36	40	0.0
3937	37	40	0.0
3938	38	40	0.0
3939	39	40	0.0
3940	40	40	0.0
3941	41	40	0.0
3942	42	40	0.0
3943	43	40	0.0
3944	44	40	0.0
3945	45	40	0.0
3946	46	40	0.0
3947	47	40	0.0
3948	48	40	0.0
3949	49	40	0.0
3950	50	40	0.0
3951	51	40	1.0
3952	52	40	0.0
3953	53	40	0.0
3954	54	40	0.0
3955	55	40	0.0
3956	56	40	0.0
3957	57	40	0.0
3958	58	40	0.0
3959	59	40	0.0
3960	60	40	1.0
3961	61	40	0.0
3962	62	40	0.0
3963	63	40	0.0
3964	64	40	0.0
3965	65	40	0.0
3966	66	40	0.0
3967	67	40	0.0
3968	68	40	0.0
3969	69	40	0.0
3970	70	40	0.0
3971	71	40	2.0
3972	72	40	0.0
3973	73	40	0.0
3974	74	40	0.0
3975	75	40	0.0
3976	76	40	0.0
3977	77	40	0.0
3978	78	40	6.0
3979	79	40	0.0
3980	80	40	0.0
3981	81	40	0.0
3982	82	40	0.0
3983	83	40	1.0
3984	84	40	0.0
3985	85	40	0.0
3986	86	40	0.0
3987	87	40	5.0
3988	88	40	0.0
3989	89	40	0.0
3990	90	40	0.0
3991	91	40	6.0
3992	92	40	7.0
3993	93	40	0.0
3994	94	40	0.0
3995	95	40	0.0
3996	96	40	2.0
3997	97	40	0.0
3998	98	40	0.0
3999	99	40	0.0
4000	0	41	0.0
4001	1	41	0.0
4002	2	41	0.0
4003	3	41	0.0
4004	4	41	0.0
4005	5	41	0.0
4006	6	41	0.0
4007	7	41	0.0
4008	8	41	0.0
4009	9	41	0.0
4010	10	41	1.0
4011	11	41	0.0
4012	12	41	0.0
4013	13	41	0.0
4014	14	41	0.0
4015	15	41	0.0
4016	16	41	2.0
4017	17	41	0.0
4018	18	41	0.0
4019	19	41	0.0
4020	20	41	0.0
4021	21	41	0.0
4022	22	41	0.0
4023	23	41	0.0
4024	24	41	0.0
4025	25	41	0.0
4026	26	41	0.0
4027	27	41	0.0
4028	28	41	0.0
4029	29	41	0.0
4030	30	41	0.0
4031	31	41	0.0
4032	32	41	0.0
4033	33	41	0.0
4034	34	41	0.0
4035	35	41	0.0
4036	36	41	0.0
4037	37	41	0.0
4038	38	41	0.0
4039	39	41	0.0
4040	40	41	0.0
4041	41	41	0.0
4042	42	41	0.0
4043	43	41	0.0
4044	44	41	0.0
4045	45	41	0.0
4046	46	41	0.0
4047	47	41	0.0
4048	48	41	0.0
4049	49	41	0.0
4050	50	41	0.0
4051	51	41	0.0
4052	52	41	0.0
4053	53	41	0.0
4054	54	41	0.0
4055	55	41	0.0
4056	56	41	0.0
4057	57	41	0.0
4058	58	41	0.0
4059	59	41	0.0
4060	60	41	0.0
4061	61	41	0.0
4062	62	41	15.0
4063	63	41	0.0
4064	64	41	0.0
4065	65	41	0.0
4066	66	41	1.0
4067	67	41	0.0
4068	68	41	0.0
4069	69	41	0.0
4070	70	41	0.0
4071	71	41	0.0
4072	72	41	0.0
4073	73	41	0.0
4074	74	41	0.0
4075	75	41	0.0
4076	76	41	0.0
4077	77	41	0.0
4078	78	41	0.0
4079	79	41	0.0
4080	80	41	0.0
4081	81	41	0.0
4082	82	41	0.0
4083	83	41	0.0
4084	84	41	0.0
4085	85	41	0.0
4086	86	41	0.0
4087	87	41	0.0
4088	88	41	0.0
4089	89	41	0.0
4090	90	41	0.0
4091	91	41	0.0
4092	92	41	0.0
4093	93	41	0.0
4094	94	41	0.0
4095	95	41	0.0
4096	96	41	0.0
4097	97	41	0.0
4098	98	41	0.0
4099	99	41	0.0
4100	0	42	0.0
4101	1	42	0.0
4102	2	42	0.0
4103	3	42	0.0
4104	4	42	0.0
4105	5	42	0.0
4106	6	42	0.0
4107	7	42	0.0
4108	8	42	0.0
4109	9	42	0.0
4110	10	42	0.0
4111	11	42	0.0
4112	12	42	0.0
4113	13	42	0.0
4114	14	42	0.0
4115	15	42	0.0
4116	16	42	0.0
4117	17	42	0.0
4118	18	42	0.0
4119	19	42	0.0
4120	20	42	0.0
4121	21	42	0.0
4122	22	42	0.0
4123	23	42	0.0
4124	24	42	0.0
4125	25	42	0.0
4126	26	42	0.0
4127	27	42	0.0
4128	28	42	0.0
4129	29	42	0.0
4130	30	42	0.0
4131	31	42	0.0
4132	32	42	0.0
4133	33	42	0.0
4134	34	42	1.0
4135	35	42	0.0
4136	36	42	0.0
4137	37	42	0.0
4138	38	42	0.0
4139	39	42	0.0
4140	40	42	0.0
4141	41	42	0.0
4142	42	42	0.0
4143	43	42	0.0
4144	44	42	0.0
4145	45	42	0.0
4146	46	42	0.0
4147	47	42	0.0
4148	48	42	0.0
4149	49	42	0.0
4150	50	42	0.0
4151	51	42	0.0
4152	52	42	0.0
4153	53	42	0.0
4154	54	42	0.0
4155	55	42	0.0
4156	56	42	0.0
4157	57	42	0.0
4158	58	42	0.0
4159	59	42	0.0
4160	60	42	0.0
4161	61	42	0.0
4162	62	42	39.0
4163	63	42	0.0
4164	64	42	0.0
4165	65	42	0.0
4166	66	42	0.0
4167	67	42	0.0
4168	68	42	0.0
4169	69	42	0.0
4170	70	42	0.0
4171	71	42	0.0
4172	72	42	0.0
4173	73	42	0.0
4174	74	42	0.0
4175	75	42	0.0
4176	76	42	0.0
4177	77	42	0.0
4178	78	42	9.0
4179	79	42	0.0
4180	80	42	0.0
4181	81	42	0.0
4182	82	42	0.0
4183	83	42	0.0
4184	84	42	0.0
4185	85	42	0.0
4186	86	42	0.0
4187	87	42	0.0
4188	88	42	0.0
4189	89	42	0.0
4190	90	42	0.0
4191	91	42	0.0
4192	92	42	0.0
4193	93	42	0.0
4194	94	42	0.0
4195	95	42	0.0
4196	96	42	0.0
4197	97	42	0.0
4198	98	42	0.0
4199	99	42	0.0
4200	0	43	1.0
4201	1	43	0.0
4202	2	43	0.0
4203	3	43	0.0
4204	4	43	0.0
4205	5	43	0.0
4206	6	43	0.0
4207	7	43	0.0
4208	8	43	0.0
4209	9	43	0.0
4210	10	43	0.0
4211	11	43	0.0
4212	12	43	0.0
4213	13	43	2.0
4214	14	43	0.0
4215	15	43	0.0
4216	16	43	2.0
4217	17	43	7.0
4218	18	43	0.0
4219	19	43	0.0
4220	20	43	0.0
4221	21	43	0.0
4222	22	43	0.0
4223	23	43	0.0
4224	24	43	0.0
4225	25	43	0.0
4226	26	43	0.0
4227	27	43	0.0
4228	28	43	0.0
4229	29	43	0.0
4230	30	43	0.0
4231	31	43	0.0
4232	32	43	15.0
4233	33	43	0.0
4234	34	43	1.0
4235	35	43	0.0
4236	36	43	0.0
4237	37	43	0.0
4238	38	43	0.0
4239	39	43	0.0
4240	40	43	2.0
4241	41	43	0.0
4242	42	43	0.0
4243	43	43	0.0
4244	44	43	0.0
4245	45	43	0.0
4246	46	43	0.0
4247	47	43	0.0
4248	48	43	0.0
4249	49	43	0.0
4250	50	43	0.0
4251	51	43	0.0
4252	52	43	0.0
4253	53	43	0.0
4254	54	43	1.0
4255	55	43	0.0
4256	56	43	0.0
4257	57	43	0.0
4258	58	43	0.0
4259	59	43	0.0
4260	60	43	0.0
4261	61	43	0.0
4262	62	43	0.0
4263	63	43	46.0
4264	64	43	0.0
4265	65	43	0.0
4266	66	43	0.0
4267	67	43	0.0
4268	68	43	0.0
4269	69	43	0.0
4270	70	43	0.0
4271	71	43	0.0
4272	72	43	0.0
4273	73	43	1.0
4274	74	43	0.0
4275	75	43	0.0
4276	76	43	0.0
4277	77	43	0.0
4278	78	43	0.0
4279	79	43	0.0
4280	80	43	0.0
4281	81	43	0.0
4282	82	43	0.0
4283	83	43	0.0
4284	84	43	0.0
4285	85	43	0.0
4286	86	43	0.0
4287	87	43	0.0
4288	88	43	0.0
4289	89	43	0.0
4290	90	43	0.0
4291	91	43	0.0
4292	92	43	2.0
4293	93	43	0.0
4294	94	43	0.0
4295	95	43	0.0
4296	96	43	0.0
4297	97	43	0.0
4298	98	43	0.0
4299	99	43	0.0
4300	0	44	0.0
4301	1	44	0.0
4302	2	44	0.0
4303	3	44	0.0
4304	4	44	0.0
4305	5	44	0.0
4306	6	44	0.0
4307	7	44	0.0
4308	8	44	0.0
4309	9	44	0.0
4310	10	44	0.0
4311	11	44	0.0
4312	12	44	0.0
4313	13	44	0.0
4314	14	44	0.0
4315	15	44	0.0
4316	16	44	0.0
4317	17	44	0.0
4318	18	44	0.0
4319	19	44	0.0
4320	20	44	25.0
4321	21	44	0.0
4322	22	44	0.0
4323	23	44	0.0
4324	24	44	0.0
4325	25	44	0.0
4326	26	44	0.0
4327	27	44	0.0
4328	28	44	0.0
4329	29	44	1.0
4330	30	44	0.0
4331	31	44	0.0
4332	32	44	2.0
4333	33	44	0.0
4334	34	44	0.0
4335	35	44	0.0
4336	36	44	0.0
4337	37	44	1.0
4338	38	44	0.0
4339	39	44	0.0
4340	40	44	0.0
4341	41	44	0.0
4342	42	44	0.0
4343	43	44	0.0
4344	44	44	0.0
4345	45	44	0.0
4346	46	44	0.0
4347	47	44	0.0
4348	48	44	0.0
4349	49	44	0.0
4350	50	44	0.0
4351	51	44	0.0
4352	52	44	0.0
4353	53	44	0.0
4354	54	44	0.0
4355	55	44	0.0
4356	56	44	0.0
4357	57	44	0.0
4358	58	44	0.0
4359	59	44	0.0
4360	60	44	0.0
4361	61	44	0.0
4362	62	44	0.0
4363	63	44	1.0
4364	64	44	0.0
4365	65	44	0.0
4366	66	44	1.0
4367	67	44	0.0
4368	68	44	0.0
4369	69	44	0.0
4370	70	44	0.0
4371	71	44	0.0
4372	72	44	0.0
4373	73	44	0.0
4374	74	44	25.0
4375	75	44	0.0
4376	76	44	0.0
4377	77	44	0.0
4378	78	44	0.0
4379	79	44	0.0
4380	80	44	0.0
4381	81	44	91.0
4382	82	44	0.0
4383	83	44	0.0
4384	84	44	0.0
4385	85	44	0.0
4386	86	44	0.0
4387	87	44	0.0
4388	88	44	0.0
4389	89	44	0.0
4390	90	44	0.0
4391	91	44	4.0
4392	92	44	0.0
4393	93	44	11.0
4394	94	44	0.0
4395	95	44	0.0
4396	96	44	0.0
4397	97	44	0.0
4398	98	44	0.0
4399	99	44	0.0
4400	0	45	0.0
4401	1	45	0.0
4402	2	45	0.0
4403	3	45	0.0
4404	4	45	0.0
4405	5	45	16.0
4406	6	45	0.0
4407	7	45	0.0
4408	8	45	0.0
4409	9	45	0.0
4410	10	45	0.0
4411	11	45	0.0
4412	12	45	0.0
4413	13	45	0.0
4414	14	45	0.0
4415	15	45	0.0
4416	16	45	0.0
4417	17	45	0.0
4418	18	45	0.0
4419	19	45	0.0
4420	20	45	0.0
4421	21	45	0.0
4422	22	45	24.0
4423	23	45	0.0
4424	24	45	0.0
4425	25	45	0.0
4426	26	45	0.0
4427	27	45	0.0
4428	28	45	0.0
4429	29	45	0.0
4430	30	45	0.0
4431	31	45	0.0
4432	32	45	0.0
4433	33	45	8.0
4434	34	45	0.0
4435	35	45	0.0
4436	36	45	0.0
4437	37	45	0.0
4438	38	45	0.0
4439	39	45	0.0
4440	40	45	0.0
4441	41	45	0.0
4442	42	45	0.0
4443	43	45	0.0
4444	44	45	0.0
4445	45	45	0.0
4446	46	45	0.0
4447	47	45	0.0
4448	48	45	0.0
4449	49	45	0.0
4450	50	45	0.0
4451	51	45	0.0
4452	52	45	0.0
4453	53	45	0.0
4454	54	45	0.0
4455	55	45	0.0
4456	56	45	0.0
4457	57	45	0.0
4458	58	45	0.0
4459	59	45	0.0
4460	60	45	0.0
4461	61	45	0.0
4462	62	45	0.0
4463	63	45	0.0
4464	64	45	0.0
4465	65	45	0.0
4466	66	45	0.0
4467	67	45	0.0
4468	68	45	0.0
4469	69	45	0.0
4470	70	45	0.0
4471	71	45	2.0
4472	72	45	0.0
4473	73	45	41.0
4474	74	45	0.0
4475	75	45	0.0
4476	76	45	0.0
4477	77	45	0.0
4478	78	45	0.0
4479	79	45	0.0
4480	80	45	0.0
4481	81	45	0.0
4482	82	45	0.0
4483	83	45	0.0
4484	84	45	0.0
4485	85	45	0.0
4486	86	45	0.0
4487	87	45	0.0
4488	88	45	11.0
4489	89	45	0.0
4490	90	45	0.0
4491	91	45	0.0
4492	92	45	0.0
4493	93	45	0.0
4494	94	45	0.0
4495	95	45	0.0
4496	96	45	0.0
4497	97	45	0.0
4498	98	45	0.0
4499	99	45	2.0
4500	0	46	0.0
4501	1	46	0.0
4502	2	46	0.0
4503	3	46	0.0
4504	4	46	0.0
4505	5	46	0.0
4506	6	46	0.0
4507	7	46	0.0
4508	8	46	0.0
4509	9	46	0.0
4510	10	46	0.0
4511	11	46	0.0
4512	12	46	0.0
4513	13	46	0.0
4514	14	46	0.0
4515	15	46	0.0
4516	16	46	0.0
4517	17	46	0.0
4518	18	46	0.0
4519	19	46	0.0
4520	20	46	0.0
4521	21	46	0.0
4522	22	46	0.0
4523	23	46	0.0
4524	24	46	0.0
4525	25	46	0.0
4526	26	46	0.0
4527	27	46	0.0
4528	28	46	0.0
4529	29	46	0.0
4530	30	46	73.0
4531	31	46	0.0
4532	32	46	0.0
4533	33	46	0.0
4534	34	46	0.0
4535	35	46	0.0
4536	36	46	0.0
4537	37	46	0.0
4538	38	46	0.0
4539	39	46	0.0
4540	40	46	0.0
4541	41	46	0.0
4542	42	46	0.0
4543	43	46	0.0
4544	44	46	0.0
4545	45	46	0.0
4546	46	46	0.0
4547	47	46	0.0
4548	48	46	0.0
4549	49	46	0.0
4550	50	46	0.0
4551	51	46	0.0
4552	52	46	0.0
4553	53	46	0.0
4554	54	46	0.0
4555	55	46	0.0
4556	56	46	0.0
4557	57	46	0.0
4558	58	46	0.0
4559	59	46	0.0
4560	60	46	0.0
4561	61	46	0.0
4562	62	46	0.0
4563	63	46	0.0
4564	64	46	0.0
4565	65	46	0.0
4566	66	46	0.0
4567	67	46	0.0
4568	68	46	0.0
4569	69	46	0.0
4570	70	46	0.0
4571	71	46	0.0
4572	72	46	0.0
4573	73	46	0.0
4574	74	46	0.0
4575	75	46	0.0
4576	76	46	0.0
4577	77	46	0.0
4578	78	46	0.0
4579	79	46	0.0
4580	80	46	0.0
4581	81	46	0.0
4582	82	46	0.0
4583	83	46	0.0
4584	84	46	0.0
4585	85	46	0.0
4586	86	46	0.0
4587	87	46	0.0
4588	88	46	0.0
4589	89	46	0.0
4590	90	46	0.0
4591	91	46	0.0
4592	92	46	0.0
4593	93	46	0.0
4594	94	46	0.0
4595	95	46	0.0
4596	96	46	0.0
4597	97	46	0.0
4598	98	46	0.0
4599	99	46	0.0
4600	0	47	0.0
4601	1	47	0.0
4602	2	47	0.0
4603	3	47	0.0
4604	4	47	0.0
4605	5	47	0.0
4606	6	47	0.0
4607	7	47	0.0
4608	8	47	0.0
4609	9	47	0.0
4610	10	47	0.0
4611	11	47	2.0
4612	12	47	0.0
4613	13	47	0.0
4614	14	47	0.0
4615	15	47	0.0
4616	16	47	0.0
4617	17	47	0.0
4618	18	47	0.0
4619	19	47	0.0
4620	20	47	0.0
4621	21	47	0.0
4622	22	47	0.0
4623	23	47	0.0
4624	24	47	0.0
4625	25	47	0.0
4626	26	47	0.0
4627	27	47	0.0
4628	28	47	0.0
4629	29	47	0.0
4630	30	47	0.0
4631	31	47	0.0
4632	32	47	0.0
4633	33	47	0.0
4634	34	47	0.0
4635	35	47	0.0
4636	36	47	0.0
4637	37	47	0.0
4638	38	47	0.0
4639	39	47	0.0
4640	40	47	0.0
4641	41	47	0.0
4642	42	47	0.0
4643	43	47	0.0
4644	44	47	0.0
4645	45	47	0.0
4646	46	47	0.0
4647	47	47	0.0
4648	48	47	0.0
4649	49	47	0.0
4650	50	47	0.0
4651	51	47	0.0
4652	52	47	0.0
4653	53	47	0.0
4654	54	47	0.0
4655	55	47	0.0
4656	56	47	0.0
4657	57	47	0.0
4658	58	47	0.0
4659	59	47	0.0
4660	60	47	0.0
4661	61	47	0.0
4662	62	47	0.0
4663	63	47	0.0
4664	64	47	0.0
4665	65	47	0.0
4666	66	47	0.0
4667	67	47	0.0
4668	68	47	0.0
4669	69	47	0.0
4670	70	47	0.0
4671	71	47	0.0
4672	72	47	0.0
4673	73	47	0.0
4674	74	47	0.0
4675	75	47	0.0
4676	76	47	0.0
4677	77	47	0.0
4678	78	47	0.0
4679	79	47	0.0
4680	80	47	0.0
4681	81	47	16.0
4682	82	47	0.0
4683	83	47	0.0
4684	84	47	0.0
4685	85	47	0.0
4686	86	47	0.0
4687	87	47	0.0
4688	88	47	0.0
4689	89	47	0.0
4690	90	47	0.0
4691	91	47	0.0
4692	92	47	0.0
4693	93	47	0.0
4694	94	47	0.0
4695	95	47	0.0
4696	96	47	0.0
4697	97	47	0.0
4698	98	47	0.0
4699	99	47	0.0
4700	0	48	0.0
4701	1	48	0.0
4702	2	48	2.0
4703	3	48	0.0
4704	4	48	0.0
4705	5	48	0.0
4706	6	48	0.0
4707	7	48	0.0
4708	8	48	0.0
4709	9	48	0.0
4710	10	48	0.0
4711	11	48	0.0
4712	12	48	0.0
4713	13	48	0.0
4714	14	48	0.0
4715	15	48	4.0
4716	16	48	0.0
4717	17	48	0.0
4718	18	48	0.0
4719	19	48	0.0
4720	20	48	0.0
4721	21	48	0.0
4722	22	48	0.0
4723	23	48	0.0
4724	24	48	0.0
4725	25	48	0.0
4726	26	48	0.0
4727	27	48	0.0
4728	28	48	0.0
4729	29	48	0.0
4730	30	48	0.0
4731	31	48	0.0
4732	32	48	0.0
4733	33	48	0.0
4734	34	48	0.0
4735	35	48	0.0
4736	36	48	0.0
4737	37	48	0.0
4738	38	48	0.0
4739	39	48	0.0
4740	40	48	0.0
4741	41	48	32.0
4742	42	48	0.0
4743	43	48	0.0
4744	44	48	0.0
4745	45	48	0.0
4746	46	48	0.0
4747	47	48	2.0
4748	48	48	0.0
4749	49	48	0.0
4750	50	48	0.0
4751	51	48	0.0
4752	52	48	0.0
4753	53	48	0.0
4754	54	48	0.0
4755	55	48	0.0
4756	56	48	0.0
4757	57	48	0.0
4758	58	48	0.0
4759	59	48	0.0
4760	60	48	0.0
4761	61	48	0.0
4762	62	48	0.0
4763	63	48	0.0
4764	64	48	0.0
4765	65	48	0.0
4766	66	48	1.0
4767	67	48	0.0
4768	68	48	0.0
4769	69	48	0.0
4770	70	48	0.0
4771	71	48	0.0
4772	72	48	0.0
4773	73	48	0.0
4774	74	48	0.0
4775	75	48	0.0
4776	76	48	0.0
4777	77	48	2.0
4778	78	48	0.0
4779	79	48	1.0
4780	80	48	2.0
4781	81	48	0.0
4782	82	48	0.0
4783	83	48	0.0
4784	84	48	0.0
4785	85	48	0.0
4786	86	48	0.0
4787	87	48	0.0
4788	88	48	0.0
4789	89	48	0.0
4790	90	48	0.0
4791	91	48	0.0
4792	92	48	0.0
4793	93	48	0.0
4794	94	48	0.0
4795	95	48	0.0
4796	96	48	0.0
4797	97	48	0.0
4798	98	48	0.0
4799	99	48	0.0
4800	0	49	0.0
4801	1	49	0.0
4802	2	49	0.0
4803	3	49	0.0
4804	4	49	0.0
4805	5	49	0.0
4806	6	49	0.0
4807	7	49	0.0
4808	8	49	0.0
4809	9	49	0.0
4810	10	49	0.0
4811	11	49	0.0
4812	12	49	0.0
4813	13	49	0.0
4814	14	49	0.0
4815	15	49	0.0
4816	16	49	0.0
4817	17	49	0.0
4818	18	49	0.0
4819	19	49	0.0
4820	20	49	0.0
4821	21	49	0.0
4822	22	49	0.0
4823	23	49	0.0
4824	24	49	0.0
4825	25	49	0.0
4826	26	49	0.0
4827	27	49	0.0
4828	28	49	0.0
4829	29	49	0.0
4830	30	49	0.0
4831	31	49	0.0
4832	32	49	0.0
4833	33	49	0.0
4834	34	49	0.0
4835	35	49	0.0
4836	36	49	0.0
4837	37	49	0.0
4838	38	49	0.0
4839	39	49	0.0
4840	40	49	0.0
4841	41	49	0.0
4842	42	49	0.0
4843	43	49	0.0
4844	44	49	0.0
4845	45	49	0.0
4846	46	49	0.0
4847	47	49	0.0
4848	48	49	0.0
4849	49	49	0.0
4850	50	49	0.0
4851	51	49	0.0
4852	52	49	0.0
4853	53	49	0.0
4854	54	49	0.0
4855	55	49	0.0
4856	56	49	0.0
4857	57	49	0.0
4858	58	49	0.0
4859	59	49	0.0
4860	60	49	0.0
4861	61	49	0.0
4862	62	49	0.0
4863	63	49	0.0
4864	64	49	0.0
4865	65	49	0.0
4866	66	49	0.0
4867	67	49	0.0
4868	68	49	0.0
4869	69	49	0.0
4870	70	49	0.0
4871	71	49	0.0
4872	72	49	0.0
4873	73	49	0.0
4874	74	49	1.0
4875	75	49	0.0
4876	76	49	0.0
4877	77	49	0.0
4878	78	49	0.0
4879	79	49	0.0
4880	80	49	32.0
4881	81	49	0.0
4882	82	49	0.0
4883	83	49	0.0
4884	84	49	0.0
4885	85	49	0.0
4886	86	49	0.0
4887	87	49	0.0
4888	88	49	2.0
4889	89	49	0.0
4890	90	49	0.0
4891	91	49	0.0
4892	92	49	0.0
4893	93	49	0.0
4894	94	49	0.0
4895	95	49	0.0
4896	96	49	0.0
4897	97	49	0.0
4898	98	49	0.0
4899	99	49	0.0
